# ************************************************************
# Sequel Pro SQL dump
# Versión 4096
#
# http://www.sequelpro.com/
# http://code.google.com/p/sequel-pro/
#
# Host: 127.0.0.1 (MySQL 5.5.9)
# Base de datos: tandem
# Tiempo de Generación: 2014-09-01 10:03:34 +0000
# ************************************************************


/*!40101 SET @OLD_CHARACTER_SET_CLIENT=@@CHARACTER_SET_CLIENT */;
/*!40101 SET @OLD_CHARACTER_SET_RESULTS=@@CHARACTER_SET_RESULTS */;
/*!40101 SET @OLD_COLLATION_CONNECTION=@@COLLATION_CONNECTION */;
/*!40101 SET NAMES utf8 */;
/*!40014 SET @OLD_FOREIGN_KEY_CHECKS=@@FOREIGN_KEY_CHECKS, FOREIGN_KEY_CHECKS=0 */;
/*!40101 SET @OLD_SQL_MODE=@@SQL_MODE, SQL_MODE='NO_AUTO_VALUE_ON_ZERO' */;
/*!40111 SET @OLD_SQL_NOTES=@@SQL_NOTES, SQL_NOTES=0 */;


# Volcado de tabla course
# ------------------------------------------------------------

DROP TABLE IF EXISTS `course`;

CREATE TABLE `course` (
  `id` int(11) NOT NULL AUTO_INCREMENT,
  `courseKey` varchar(70) DEFAULT NULL,
  `title` varchar(150) DEFAULT NULL,
  `use_waiting_room` bit(1) DEFAULT b'0',
  `created` datetime DEFAULT NULL,
  PRIMARY KEY (`id`),
  KEY `courseKey` (`courseKey`)
) ENGINE=MyISAM DEFAULT CHARSET=latin1;

LOCK TABLES `course` WRITE;
/*!40000 ALTER TABLE `course` DISABLE KEYS */;

INSERT INTO `course` (`id`, `courseKey`, `title`, `use_waiting_room`, `created`)
VALUES
	(2,'test:2','SAC101',00000000,'2014-07-16 14:39:24'),
	(3,'test:3','TANDEM LTI',00000000,'2014-08-07 15:26:00');

/*!40000 ALTER TABLE `course` ENABLE KEYS */;
UNLOCK TABLES;


# Volcado de tabla course_exercise
# ------------------------------------------------------------

DROP TABLE IF EXISTS `course_exercise`;

CREATE TABLE `course_exercise` (
  `id_course` int(11) NOT NULL DEFAULT '0',
  `id_exercise` int(11) NOT NULL DEFAULT '0',
  `created` datetime DEFAULT NULL,
  `created_user_id` int(11) DEFAULT NULL,
  PRIMARY KEY (`id_course`,`id_exercise`)
) ENGINE=MyISAM DEFAULT CHARSET=latin1;

LOCK TABLES `course_exercise` WRITE;
/*!40000 ALTER TABLE `course_exercise` DISABLE KEYS */;

INSERT INTO `course_exercise` (`id_course`, `id_exercise`, `created`, `created_user_id`)
VALUES
	(2,1,'2014-07-16 14:44:33',2),
	(2,2,'2014-07-18 15:01:58',2),
	(2,3,'2014-07-21 09:33:06',2),
	(2,4,'2014-07-21 09:33:15',2),
	(2,5,'2014-07-21 09:33:26',2),
	(2,6,'2014-07-24 11:25:14',2),
	(2,8,'2014-07-24 15:26:01',2),
	(2,9,'2014-07-25 09:33:59',2),
	(2,11,'2014-08-08 09:25:29',2),
	(3,17,'2014-08-25 14:37:38',6),
	(2,13,'2014-08-08 09:58:23',2),
	(3,14,'2014-08-25 10:00:57',5),
	(3,16,'2014-08-25 10:07:57',5),
	(2,18,'2014-09-01 11:54:52',3);

/*!40000 ALTER TABLE `course_exercise` ENABLE KEYS */;
UNLOCK TABLES;


# Volcado de tabla exercise
# ------------------------------------------------------------

DROP TABLE IF EXISTS `exercise`;

CREATE TABLE `exercise` (
  `id` int(11) NOT NULL AUTO_INCREMENT,
  `name` varchar(150) DEFAULT NULL,
  `name_xml_file` varchar(60) DEFAULT NULL,
  `enabled` decimal(1,0) DEFAULT '0',
  `created` datetime DEFAULT NULL,
  `created_user_id` int(11) DEFAULT NULL,
  `modified` datetime DEFAULT NULL,
  `modified_user_id` int(11) DEFAULT NULL,
  `relative_path` varchar(50) DEFAULT NULL,
  PRIMARY KEY (`id`)
) ENGINE=MyISAM DEFAULT CHARSET=latin1;

LOCK TABLES `exercise` WRITE;
/*!40000 ALTER TABLE `exercise` DISABLE KEYS */;

INSERT INTO `exercise` (`id`, `name`, `name_xml_file`, `enabled`, `created`, `created_user_id`, `modified`, `modified_user_id`, `relative_path`)
VALUES
	(1,'verbos y conjunciones','TandemXWikiboilsc181220131303',1,'2014-07-16 14:44:33',2,'2014-07-16 14:44:33',2,'/1'),
	(2,'testeo del tiempo','TandemXWikiadmin060220131529',1,'2014-07-18 15:01:58',2,'2014-07-18 15:01:58',2,'/2'),
	(3,'vocabulario y adjetivos','TandemXWikiadmin060220131529',1,'2014-07-21 09:33:06',2,'2014-07-21 09:33:06',2,'/3'),
	(4,'false friends','TandemXWikiboilsc181220131303',1,'2014-07-21 09:33:15',2,'2014-07-21 09:33:15',2,'/4'),
	(5,'expresiones regulares','TandemXWikiadmin060220131529',1,'2014-07-21 09:33:26',2,'2014-07-21 09:33:26',2,'/5'),
	(11,'Looking after the planet 2 the return','TandemXWikiadmin080220131632',1,'2014-08-08 09:25:29',2,'2014-08-08 09:25:29',2,'/11'),
	(9,'Looking after the planet','TandemXWikiadmin080220131632',1,'2014-07-25 09:33:59',2,'2014-07-25 09:33:59',2,'/9'),
	(17,'all the doctors','TandemXWikiattilio090420141605',1,'2014-08-25 14:37:38',6,'2014-08-25 14:37:38',6,'/17'),
	(13,'Looking after the planet 4','TandemXWikiadmin080220131632',1,'2014-08-08 09:58:23',2,'2014-08-08 09:58:23',2,'/13'),
	(14,'tandem(2)','TandemXWikielisenda090620141447',1,'2014-08-25 10:00:57',5,'2014-08-25 10:00:57',5,'/14'),
	(16,'At the Japanese restaurant ','TandemXWikimarialuisa180320141636',1,'2014-08-25 10:07:57',5,'2014-08-25 10:07:57',5,'/16'),
	(18,'Prueba antoni','TandemXWikielisenda090620141447',1,'2014-09-01 11:54:52',3,'2014-09-01 11:54:52',3,'/18');

/*!40000 ALTER TABLE `exercise` ENABLE KEYS */;
UNLOCK TABLES;


# Volcado de tabla lti_application
# ------------------------------------------------------------

DROP TABLE IF EXISTS `lti_application`;

CREATE TABLE `lti_application` (
  `id` int(11) NOT NULL AUTO_INCREMENT,
  `toolurl` varchar(150) COLLATE utf8_bin NOT NULL,
  `name` varchar(150) COLLATE utf8_bin NOT NULL,
  `description` mediumtext COLLATE utf8_bin NOT NULL,
  `resourcekey` varchar(150) COLLATE utf8_bin NOT NULL,
  `password` varchar(150) COLLATE utf8_bin NOT NULL,
  `preferheight` varchar(50) COLLATE utf8_bin DEFAULT NULL,
  `sendname` decimal(1,0) NOT NULL DEFAULT '0',
  `sendemailaddr` decimal(1,0) NOT NULL DEFAULT '0',
  `acceptgrades` decimal(1,0) NOT NULL DEFAULT '0',
  `allowroster` decimal(1,0) NOT NULL DEFAULT '0',
  `allowsetting` decimal(1,0) NOT NULL DEFAULT '0',
  `customparameters` text COLLATE utf8_bin,
  `allowinstructorcustom` decimal(1,0) NOT NULL DEFAULT '0',
  `organizationid` varchar(150) COLLATE utf8_bin NOT NULL,
  `organizationurl` varchar(150) COLLATE utf8_bin NOT NULL,
  `launchinpopup` decimal(1,0) DEFAULT '0',
  `debugmode` decimal(1,0) NOT NULL DEFAULT '0',
  `registered` timestamp NOT NULL DEFAULT CURRENT_TIMESTAMP ON UPDATE CURRENT_TIMESTAMP,
  `updated` timestamp NOT NULL DEFAULT '0000-00-00 00:00:00',
  PRIMARY KEY (`id`)
) ENGINE=MyISAM DEFAULT CHARSET=utf8 COLLATE=utf8_bin;



# Volcado de tabla lti_disabled_application_context
# ------------------------------------------------------------

DROP TABLE IF EXISTS `lti_disabled_application_context`;

CREATE TABLE `lti_disabled_application_context` (
  `id_tool` int(11) NOT NULL,
  `id_context` varchar(24) COLLATE utf8_bin NOT NULL,
  PRIMARY KEY (`id_tool`,`id_context`)
) ENGINE=MyISAM DEFAULT CHARSET=utf8 COLLATE=utf8_bin;



# Volcado de tabla remote_application
# ------------------------------------------------------------

DROP TABLE IF EXISTS `remote_application`;

CREATE TABLE `remote_application` (
  `id` int(11) NOT NULL AUTO_INCREMENT,
  `toolurl` varchar(250) COLLATE utf8_bin NOT NULL,
  `name` varchar(150) COLLATE utf8_bin NOT NULL,
  `description` mediumtext COLLATE utf8_bin NOT NULL,
  `launchinpopup` decimal(1,0) DEFAULT '0',
  `debugmode` decimal(1,0) NOT NULL DEFAULT '0',
  `registered` timestamp NOT NULL DEFAULT CURRENT_TIMESTAMP ON UPDATE CURRENT_TIMESTAMP,
  `updated` timestamp NOT NULL DEFAULT '0000-00-00 00:00:00',
  PRIMARY KEY (`id`)
) ENGINE=MyISAM DEFAULT CHARSET=utf8 COLLATE=utf8_bin;



# Volcado de tabla remote_disabled_application_context
# ------------------------------------------------------------

DROP TABLE IF EXISTS `remote_disabled_application_context`;

CREATE TABLE `remote_disabled_application_context` (
  `id_tool` int(11) NOT NULL,
  `id_context` varchar(24) COLLATE utf8_bin NOT NULL,
  PRIMARY KEY (`id_tool`,`id_context`)
) ENGINE=MyISAM DEFAULT CHARSET=utf8 COLLATE=utf8_bin;



# Volcado de tabla tandem
# ------------------------------------------------------------

DROP TABLE IF EXISTS `tandem`;

CREATE TABLE `tandem` (
  `id` int(11) NOT NULL AUTO_INCREMENT,
  `id_exercise` int(11) DEFAULT NULL,
  `id_course` int(11) DEFAULT NULL,
  `id_resource_lti` varchar(100) DEFAULT NULL,
  `id_user_host` int(11) DEFAULT NULL COMMENT 'User who invited to the tandem',
  `id_user_guest` int(11) DEFAULT NULL COMMENT 'User who is invited to the tandem',
  `message` mediumtext COMMENT 'To indicate to the other user to',
  `xml` text COMMENT 'To save the xml to reproduce',
  `is_guest_user_logged` bit(1) DEFAULT NULL,
  `date_guest_user_logged` datetime DEFAULT NULL,
  `user_agent_host` varchar(255) NOT NULL,
  `user_agent_guest` varchar(255) NOT NULL,
  `is_finished` bit(1) DEFAULT NULL,
  `finalized` datetime DEFAULT NULL,
  `created` datetime DEFAULT NULL,
  PRIMARY KEY (`id`)
) ENGINE=MyISAM DEFAULT CHARSET=latin1;

LOCK TABLES `tandem` WRITE;
/*!40000 ALTER TABLE `tandem` DISABLE KEYS */;

INSERT INTO `tandem` (`id`, `id_exercise`, `id_course`, `id_resource_lti`, `id_user_host`, `id_user_guest`, `message`, `xml`, `is_guest_user_logged`, `date_guest_user_logged`, `user_agent_host`, `user_agent_guest`, `is_finished`, `finalized`, `created`)
VALUES
	(1,17,3,'test_1',6,-1,'',NULL,00000000,NULL,'Mozilla/5.0 (Windows NT 6.3; WOW64) AppleWebKit/537.36 (KHTML, like Gecko) Chrome/36.0.1985.143 Safari/537.36','',00000000,NULL,'2014-08-27 15:35:06'),
	(2,17,3,'test_1',7,-1,'',NULL,00000000,NULL,'Mozilla/5.0 (Windows NT 6.3; WOW64) AppleWebKit/537.36 (KHTML, like Gecko) Chrome/36.0.1985.143 Safari/537.36 OPR/23.0.1522.77','',00000000,NULL,'2014-08-27 15:35:15'),
	(3,17,3,'test_1',6,-1,'',NULL,00000000,NULL,'Mozilla/5.0 (Windows NT 6.3; WOW64) AppleWebKit/537.36 (KHTML, like Gecko) Chrome/36.0.1985.143 Safari/537.36','',00000000,NULL,'2014-08-27 15:35:47'),
	(4,17,3,'test_1',7,-1,'',NULL,00000000,NULL,'Mozilla/5.0 (Windows NT 6.3; WOW64) AppleWebKit/537.36 (KHTML, like Gecko) Chrome/36.0.1985.143 Safari/537.36 OPR/23.0.1522.77','',00000000,NULL,'2014-08-27 15:37:38'),
	(5,17,3,'test_1',5,-1,'',NULL,00000000,NULL,'Mozilla/5.0 (Windows NT 6.3; WOW64; rv:31.0) Gecko/20100101 Firefox/31.0','',00000000,NULL,'2014-08-27 15:37:49'),
	(6,17,3,'test_1',6,-1,'',NULL,00000000,NULL,'Mozilla/5.0 (Windows NT 6.3; WOW64) AppleWebKit/537.36 (KHTML, like Gecko) Chrome/36.0.1985.143 Safari/537.36','',00000000,NULL,'2014-08-27 15:37:55'),
	(7,17,3,'test_1',7,-1,'',NULL,00000000,NULL,'Mozilla/5.0 (Windows NT 6.3; WOW64) AppleWebKit/537.36 (KHTML, like Gecko) Chrome/36.0.1985.143 Safari/537.36 OPR/23.0.1522.77','',00000000,NULL,'2014-08-27 15:39:38'),
	(8,17,3,'test_1',5,-1,'',NULL,00000000,NULL,'Mozilla/5.0 (Windows NT 6.3; WOW64; rv:31.0) Gecko/20100101 Firefox/31.0','',00000000,NULL,'2014-08-27 15:39:41'),
	(9,9,2,'test_1104',3,-1,'',NULL,00000000,NULL,'Mozilla/5.0 (Macintosh; Intel Mac OS X 10_9_4) AppleWebKit/537.36 (KHTML, like Gecko) Chrome/37.0.2062.94 Safari/537.36','',00000000,NULL,'2014-09-01 11:51:46'),
	(10,9,2,'test_1104',3,-1,'',NULL,00000000,NULL,'Mozilla/5.0 (Macintosh; Intel Mac OS X 10_9_4) AppleWebKit/537.36 (KHTML, like Gecko) Chrome/37.0.2062.94 Safari/537.36','',00000000,NULL,'2014-09-01 11:52:05'),
	(11,18,2,'test_1104',3,-1,'',NULL,00000000,NULL,'Mozilla/5.0 (Macintosh; Intel Mac OS X 10_9_4) AppleWebKit/537.36 (KHTML, like Gecko) Chrome/37.0.2062.94 Safari/537.36','',00000000,NULL,'2014-09-01 11:55:02'),
	(12,18,2,'test_1104',3,-1,'',NULL,00000000,NULL,'Mozilla/5.0 (Macintosh; Intel Mac OS X 10_9_4) AppleWebKit/537.36 (KHTML, like Gecko) Chrome/37.0.2062.94 Safari/537.36','',00000000,NULL,'2014-09-01 11:57:57'),
	(13,18,2,'test_1104',3,-1,'',NULL,00000000,NULL,'Mozilla/5.0 (Macintosh; Intel Mac OS X 10_9_4) AppleWebKit/537.36 (KHTML, like Gecko) Chrome/37.0.2062.94 Safari/537.36','',00000000,NULL,'2014-09-01 12:00:15');

/*!40000 ALTER TABLE `tandem` ENABLE KEYS */;
UNLOCK TABLES;


# Volcado de tabla user
# ------------------------------------------------------------

DROP TABLE IF EXISTS `user`;

CREATE TABLE `user` (
  `id` int(11) NOT NULL AUTO_INCREMENT,
  `username` varchar(70) DEFAULT NULL,
  `firstname` varchar(50) NOT NULL,
  `surname` varchar(75) NOT NULL,
  `fullname` varchar(150) DEFAULT NULL,
  `email` varchar(50) DEFAULT NULL,
  `image` varchar(150) DEFAULT NULL,
  `last_session` datetime DEFAULT NULL,
  `icq` varchar(70) DEFAULT NULL,
  `skype` varchar(70) DEFAULT NULL,
  `msn` varchar(70) DEFAULT NULL,
  `yahoo` varchar(70) DEFAULT NULL,
  `blocked` bit(1) DEFAULT b'0',
  `created` datetime DEFAULT NULL,
  PRIMARY KEY (`id`),
  KEY `username` (`username`)
) ENGINE=MyISAM DEFAULT CHARSET=latin1;

LOCK TABLES `user` WRITE;
/*!40000 ALTER TABLE `user` DISABLE KEYS */;

INSERT INTO `user` (`id`, `username`, `firstname`, `surname`, `fullname`, `email`, `image`, `last_session`, `icq`, `skype`, `msn`, `yahoo`, `blocked`, `created`)
VALUES
	(2,'teacher','Teacher','Teacher','Teacher Teacher','teacher@teacher.com','http://www.gravatar.com/avatar.php?gravatar_id=c80090398a4fe1379cd8e4f989c6dfb0&size=40','2014-08-25 09:38:32','','','','',00000000,'2014-07-16 14:44:23'),
	(1,'dani','Dani','Herrera','Dani Herrera','dani@tresipunt.com','http://www.gravatar.com/avatar.php?gravatar_id=f723a3fb4b9998195d2bf025845c6346&size=40','2014-08-25 09:36:13','','','','',00000000,'2014-07-16 14:36:31'),
	(3,'student','Student','Student','Student Student','student@student.com','http://www.gravatar.com/avatar.php?gravatar_id=1d8525fcd73960598d27eef2e472c114&size=40','2014-09-01 11:51:35','','','','',00000000,'2014-07-31 15:59:49'),
	(4,'test_2','Admin','Usuario','Admin Usuario','dani@tresipunt.com','http://www.gravatar.com/avatar.php?gravatar_id=f723a3fb4b9998195d2bf025845c6346&size=40','2014-08-07 16:27:14','','','','',00000000,'2014-08-07 15:26:00'),
	(5,'test_3','Daniel','Herrera','Daniel Herrera','danidebarna75@gmail.com','http://www.gravatar.com/avatar.php?gravatar_id=2582a8bbfab2c8bb77f71c649fd13498&size=40','2014-08-27 15:11:00','','','','',00000000,'2014-08-08 09:34:17'),
	(6,'test_4','Profesor','apellido1 apellido2','Profesor apellido1 apellido2','profesor@gmail.com','http://www.gravatar.com/avatar.php?gravatar_id=259968d52f71b47a5983a54304cc05e5&size=40','2014-08-27 15:15:00','','','','',00000000,'2014-08-25 10:15:45'),
	(7,'test_5','Estudiante','apellido1 apellido2','Estudiante apellido1 apellido2','estudiante@gmail.com','http://www.gravatar.com/avatar.php?gravatar_id=f652b531bff7a32fc1b3b4b59f200070&size=40','2014-08-27 15:06:46','','','','',00000000,'2014-08-25 10:19:39');

/*!40000 ALTER TABLE `user` ENABLE KEYS */;
UNLOCK TABLES;


# Volcado de tabla user_course
# ------------------------------------------------------------

DROP TABLE IF EXISTS `user_course`;

CREATE TABLE `user_course` (
  `id_user` int(11) NOT NULL DEFAULT '0',
  `id_course` int(11) NOT NULL DEFAULT '0',
  `is_instructor` bit(1) DEFAULT NULL,
  `lis_result_sourceid` varchar(255) NOT NULL,
  `inTandem` tinyint(1) NOT NULL DEFAULT '0',
  `lastAccessTandem` datetime NOT NULL,
  PRIMARY KEY (`id_user`,`id_course`)
) ENGINE=MyISAM DEFAULT CHARSET=latin1;

LOCK TABLES `user_course` WRITE;
/*!40000 ALTER TABLE `user_course` DISABLE KEYS */;

INSERT INTO `user_course` (`id_user`, `id_course`, `is_instructor`, `lis_result_sourceid`, `inTandem`, `lastAccessTandem`)
VALUES
	(1,1,00000000,'',0,'2014-07-16 14:36:31'),
	(1,2,00000000,'',1,'2014-08-25 09:41:23'),
	(2,2,00000001,'',1,'2014-08-25 09:45:04'),
	(3,2,00000000,'',1,'2014-09-01 12:00:15'),
	(4,3,00000001,'',0,'2014-08-07 15:26:00'),
	(5,3,00000001,'',1,'2014-08-27 15:39:41'),
	(6,3,00000001,'',1,'2014-08-27 15:37:55'),
	(7,3,00000000,'',1,'2014-08-27 15:39:38');

/*!40000 ALTER TABLE `user_course` ENABLE KEYS */;
UNLOCK TABLES;


# Volcado de tabla user_tandem
# ------------------------------------------------------------

DROP TABLE IF EXISTS `user_tandem`;

CREATE TABLE `user_tandem` (
  `id_tandem` int(11) NOT NULL DEFAULT '0',
  `id_user` int(11) NOT NULL DEFAULT '0' COMMENT 'User who start the tandem',
  `total_time` decimal(10,2) DEFAULT NULL COMMENT 'Time in seconds',
  `points` decimal(10,2) DEFAULT NULL,
  `is_finished` bit(1) DEFAULT NULL,
  `finalized` datetime DEFAULT NULL,
  `created` datetime DEFAULT NULL,
  PRIMARY KEY (`id_tandem`,`id_user`)
) ENGINE=MyISAM DEFAULT CHARSET=latin1;

LOCK TABLES `user_tandem` WRITE;
/*!40000 ALTER TABLE `user_tandem` DISABLE KEYS */;

INSERT INTO `user_tandem` (`id_tandem`, `id_user`, `total_time`, `points`, `is_finished`, `finalized`, `created`)
VALUES
	(8,2,10.00,0.00,00000000,NULL,'2014-07-28 17:13:18'),
	(9,2,10.00,0.00,00000000,NULL,'2014-07-28 17:14:40'),
	(9,1,8.00,0.00,00000000,NULL,'2014-07-28 17:14:40'),
	(10,2,9.00,0.00,00000000,NULL,'2014-07-28 17:19:45'),
	(10,1,9.00,0.00,00000000,NULL,'2014-07-28 17:19:12'),
	(11,2,22.00,0.00,00000000,NULL,'2014-07-28 17:42:14'),
	(11,1,88.00,0.00,00000000,NULL,'2014-07-28 17:42:14'),
	(12,1,6.00,0.00,00000000,NULL,'2014-07-29 09:35:31'),
	(12,2,6.00,0.00,00000000,NULL,'2014-07-29 09:35:32'),
	(13,2,12.00,0.00,00000000,NULL,'2014-07-29 09:46:34'),
	(13,1,13.00,0.00,00000000,NULL,'2014-07-29 09:47:27'),
	(14,2,5.00,0.00,00000000,NULL,'2014-07-29 10:07:31'),
	(14,1,6.00,0.00,00000000,NULL,'2014-07-29 10:09:16'),
	(15,2,5.00,0.00,00000000,NULL,'2014-07-29 10:17:19'),
	(15,1,8.00,0.00,00000000,NULL,'2014-07-29 10:18:23'),
	(16,1,45.00,0.00,00000000,NULL,'2014-07-29 10:55:29'),
	(16,2,6.00,0.00,00000000,NULL,'2014-07-29 10:55:30'),
	(17,1,8.00,0.00,00000000,NULL,'2014-07-29 10:57:17'),
	(17,2,8.00,0.00,00000000,NULL,'2014-07-29 10:57:23'),
	(18,1,7.00,0.00,00000000,NULL,'2014-07-29 11:08:16'),
	(18,2,100.00,0.00,00000000,NULL,'2014-07-29 11:08:35'),
	(19,2,28.00,0.00,00000000,NULL,'2014-07-29 11:14:03'),
	(19,1,27.00,0.00,00000000,NULL,'2014-07-29 11:14:03'),
	(20,2,6.00,0.00,00000000,NULL,'2014-07-29 11:19:28'),
	(20,1,7.00,0.00,00000000,NULL,'2014-07-29 11:19:28'),
	(21,1,0.00,0.00,00000000,NULL,'2014-07-29 11:30:51'),
	(21,2,9.00,0.00,00000000,NULL,'2014-07-29 11:30:52'),
	(22,2,6.00,0.00,00000000,NULL,'2014-07-29 11:33:17'),
	(22,1,14.00,0.00,00000000,NULL,'2014-07-29 11:33:19'),
	(23,2,10.00,0.00,00000000,NULL,'2014-07-29 11:41:01'),
	(23,1,10.00,0.00,00000000,NULL,'2014-07-29 11:41:02'),
	(24,1,7.00,0.00,00000000,NULL,'2014-07-29 11:44:13'),
	(24,2,5.00,0.00,00000000,NULL,'2014-07-29 11:44:14'),
	(25,2,22.00,0.00,00000000,NULL,'2014-07-29 11:45:45'),
	(25,1,21.00,0.00,00000000,NULL,'2014-07-29 11:45:46'),
	(26,1,10.00,0.00,00000000,NULL,'2014-07-29 11:47:04'),
	(26,2,11.00,0.00,00000000,NULL,'2014-07-29 11:47:05'),
	(27,1,7.00,0.00,00000000,NULL,'2014-07-29 11:48:37'),
	(27,2,10.00,0.00,00000000,NULL,'2014-07-29 11:48:38'),
	(29,2,7.00,0.00,00000000,NULL,'2014-07-29 11:54:55'),
	(29,1,4.00,0.00,00000000,NULL,'2014-07-29 11:54:55'),
	(30,1,10.00,0.00,00000000,NULL,'2014-07-29 12:00:18'),
	(30,2,9.00,0.00,00000000,NULL,'2014-07-29 12:00:19'),
	(31,2,12.00,0.00,00000000,NULL,'2014-07-29 12:06:52'),
	(31,1,11.00,0.00,00000000,NULL,'2014-07-29 12:06:52'),
	(32,2,54.00,0.00,00000000,NULL,'2014-07-29 12:14:09'),
	(32,1,57.00,0.00,00000000,NULL,'2014-07-29 12:14:11'),
	(33,2,8.00,0.00,00000000,NULL,'2014-07-29 12:21:31'),
	(33,1,8.00,0.00,00000000,NULL,'2014-07-29 12:21:31'),
	(34,2,317.00,0.00,00000000,NULL,'2014-07-29 12:41:29'),
	(34,1,313.00,0.00,00000000,NULL,'2014-07-29 12:41:29'),
	(35,1,26.00,0.00,00000000,NULL,'2014-07-29 13:04:01'),
	(36,2,45.00,0.00,00000000,NULL,'2014-07-29 13:15:29'),
	(36,1,55.00,0.00,00000000,NULL,'2014-07-29 13:15:30'),
	(37,2,667.00,0.00,00000000,NULL,'2014-07-29 13:24:23'),
	(37,1,6699.00,0.00,00000000,NULL,'2014-07-29 13:24:24'),
	(38,1,558.00,0.00,00000000,NULL,'2014-07-29 15:20:53'),
	(38,2,560.00,0.00,00000000,NULL,'2014-07-29 15:20:53'),
	(39,2,19.00,0.00,00000000,NULL,'2014-07-29 15:36:25'),
	(39,1,172.00,0.00,00000000,NULL,'2014-07-29 15:36:26'),
	(40,1,24.00,0.00,00000000,NULL,'2014-07-29 15:41:06'),
	(40,2,11.00,0.00,00000000,NULL,'2014-07-29 15:41:07'),
	(41,2,16.00,0.00,00000000,NULL,'2014-07-29 15:43:16'),
	(41,1,21.00,0.00,00000000,NULL,'2014-07-29 15:43:17'),
	(42,2,8.00,0.00,00000000,NULL,'2014-07-29 15:47:49'),
	(42,1,535.00,0.00,00000000,NULL,'2014-07-29 15:47:50'),
	(43,2,425.00,0.00,00000000,NULL,'2014-07-29 16:02:16'),
	(43,1,1279.00,0.00,00000000,NULL,'2014-07-29 16:02:18'),
	(44,2,396.00,0.00,00000000,NULL,'2014-07-29 16:26:23'),
	(44,1,399.00,0.00,00000000,NULL,'2014-07-29 16:26:33'),
	(45,2,188.00,0.00,00000000,NULL,'2014-07-29 16:35:39'),
	(45,1,1432.00,0.00,00000000,NULL,'2014-07-29 16:35:46'),
	(46,1,40.00,0.00,00000000,NULL,'2014-07-29 17:05:14'),
	(46,2,37.00,0.00,00000000,NULL,'2014-07-29 17:05:15'),
	(47,1,171.00,0.00,00000000,NULL,'2014-07-29 17:26:47'),
	(47,2,266.00,0.00,00000000,NULL,'2014-07-29 17:26:47'),
	(48,2,540.00,0.00,00000000,NULL,'2014-07-29 17:41:12'),
	(48,1,243.00,0.00,00000000,NULL,'2014-07-29 17:41:12'),
	(49,1,9.00,0.00,00000000,NULL,'2014-07-29 18:23:17'),
	(49,2,277.00,0.00,00000000,NULL,'2014-07-29 18:23:18'),
	(50,2,111.00,0.00,00000000,NULL,'2014-07-30 09:14:43'),
	(50,1,114.00,0.00,00000000,NULL,'2014-07-30 09:14:44'),
	(51,2,1490.00,0.00,00000000,NULL,'2014-07-30 09:18:52'),
	(51,1,1588.00,0.00,00000000,NULL,'2014-07-30 09:18:52'),
	(52,1,309.00,0.00,00000000,NULL,'2014-07-30 10:30:27'),
	(53,2,83.00,0.00,00000000,NULL,'2014-07-30 10:32:22'),
	(53,1,92.00,0.00,00000000,NULL,'2014-07-30 10:32:23'),
	(28,2,10.00,0.00,00000000,NULL,'2014-07-30 10:48:12'),
	(55,2,741.00,0.00,00000000,NULL,'2014-07-30 10:48:37'),
	(59,2,9.00,0.00,00000000,NULL,'2014-07-30 10:50:05'),
	(59,1,773.00,0.00,00000000,NULL,'2014-07-30 11:02:49'),
	(60,1,1100.00,0.00,00000000,NULL,'2014-07-30 11:08:53'),
	(62,1,858.00,0.00,00000000,NULL,'2014-07-30 11:16:59'),
	(63,2,1297.00,0.00,00000000,NULL,'2014-07-30 11:30:08'),
	(64,1,1421.00,0.00,00000000,NULL,'2014-07-30 11:33:26'),
	(66,1,1240.00,0.00,00000000,NULL,'2014-07-30 11:37:05'),
	(72,2,7.00,0.00,00000000,NULL,'2014-07-30 11:46:09'),
	(72,1,7.00,0.00,00000000,NULL,'2014-07-30 11:46:09'),
	(73,2,132.00,0.00,00000000,NULL,'2014-07-30 11:47:38'),
	(73,1,130.00,0.00,00000000,NULL,'2014-07-30 11:47:40'),
	(74,2,181.00,0.00,00000000,NULL,'2014-07-30 11:50:39'),
	(76,1,630.00,0.00,00000000,NULL,'2014-07-30 12:01:08'),
	(75,2,1898.00,0.00,00000000,NULL,'2014-07-30 12:22:03'),
	(77,1,2244.00,0.00,00000000,NULL,'2014-07-30 12:38:17'),
	(79,2,36.00,0.00,00000000,NULL,'2014-07-30 12:43:28'),
	(79,1,37.00,0.00,00000000,NULL,'2014-07-30 12:43:29'),
	(80,2,38.00,0.00,00000000,NULL,'2014-07-30 12:45:12'),
	(80,1,31.00,0.00,00000000,NULL,'2014-07-30 12:45:13'),
	(82,2,79.00,0.00,00000000,NULL,'2014-07-30 13:01:01'),
	(82,1,80.00,0.00,00000000,NULL,'2014-07-30 13:01:02'),
	(84,2,15.00,0.00,00000000,NULL,'2014-07-30 13:06:49'),
	(84,1,16.00,0.00,00000000,NULL,'2014-07-30 13:06:50'),
	(85,1,11.00,0.00,00000000,NULL,'2014-07-30 13:08:02'),
	(85,2,12.00,0.00,00000000,NULL,'2014-07-30 13:08:03'),
	(86,2,14.00,0.00,00000000,NULL,'2014-07-30 13:09:05'),
	(86,1,14.00,0.00,00000000,NULL,'2014-07-30 13:09:05'),
	(87,2,27.00,0.00,00000000,NULL,'2014-07-30 13:10:44'),
	(87,1,27.00,0.00,00000000,NULL,'2014-07-30 13:10:44'),
	(88,1,79.00,0.00,00000000,NULL,'2014-07-30 13:12:03'),
	(90,2,33.00,0.00,00000000,NULL,'2014-07-30 13:15:54'),
	(90,1,34.00,0.00,00000000,NULL,'2014-07-30 13:15:55'),
	(91,2,39.00,0.00,00000000,NULL,'2014-07-30 13:26:17'),
	(91,1,40.00,0.00,00000000,NULL,'2014-07-30 13:26:18'),
	(92,1,8.00,0.00,00000000,NULL,'2014-07-30 13:37:21'),
	(92,2,8.00,0.00,00000000,NULL,'2014-07-30 13:37:21'),
	(93,2,7.00,0.00,00000000,NULL,'2014-07-30 13:58:24'),
	(93,1,8.00,0.00,00000000,NULL,'2014-07-30 13:58:25'),
	(94,2,7.00,0.00,00000000,NULL,'2014-07-30 14:06:49'),
	(94,1,8.00,0.00,00000000,NULL,'2014-07-30 14:06:50'),
	(96,1,38.00,0.00,00000000,NULL,'2014-07-30 14:39:45'),
	(96,2,33.00,0.00,00000000,NULL,'2014-07-30 14:39:45'),
	(97,2,92.00,0.00,00000001,'2014-07-30 14:44:17','2014-07-30 14:42:52'),
	(97,1,103.00,0.00,00000001,'2014-07-30 14:44:28','2014-07-30 14:42:53'),
	(98,2,16.00,0.00,00000000,NULL,'2014-07-30 14:49:36'),
	(98,1,17.00,0.00,00000000,NULL,'2014-07-30 14:49:37'),
	(99,1,492.00,0.00,00000000,NULL,'2014-07-30 15:19:15'),
	(99,2,492.00,0.00,00000000,NULL,'2014-07-30 15:19:15'),
	(95,2,5721.00,0.00,00000000,NULL,'2014-07-30 15:42:44'),
	(102,1,10.00,0.00,00000000,NULL,'2014-07-30 15:44:48'),
	(102,2,10.00,0.00,00000000,NULL,'2014-07-30 15:44:48'),
	(103,1,18.00,0.00,00000000,NULL,'2014-07-30 15:55:08'),
	(103,2,18.00,0.00,00000000,NULL,'2014-07-30 15:55:08'),
	(105,2,1832.00,0.00,00000000,NULL,'2014-07-30 17:22:09'),
	(109,2,44.00,0.00,00000000,NULL,'2014-07-30 17:52:22'),
	(109,1,40.00,0.00,00000000,NULL,'2014-07-30 17:52:24'),
	(111,1,0.00,0.00,00000000,NULL,'2014-07-30 17:55:48'),
	(116,1,0.00,0.00,00000000,NULL,'2014-07-30 17:56:31'),
	(118,2,41.00,0.00,00000000,NULL,'2014-07-30 18:34:22'),
	(118,1,41.00,0.00,00000000,NULL,'2014-07-30 18:34:23'),
	(119,2,87.00,0.00,00000000,NULL,'2014-07-30 18:35:48'),
	(121,1,16.00,0.00,00000000,NULL,'2014-07-30 18:44:37'),
	(121,2,18.00,0.00,00000000,NULL,'2014-07-30 18:44:39'),
	(122,1,8.00,0.00,00000000,NULL,'2014-07-30 18:46:39'),
	(122,2,9.00,0.00,00000000,NULL,'2014-07-30 18:46:40'),
	(123,1,11.00,0.00,00000000,NULL,'2014-07-30 18:48:35'),
	(123,2,12.00,0.00,00000000,NULL,'2014-07-30 18:48:36'),
	(124,1,8.00,0.00,00000000,NULL,'2014-07-30 18:51:11'),
	(124,2,9.00,0.00,00000000,NULL,'2014-07-30 18:51:12'),
	(125,1,18.00,0.00,00000000,NULL,'2014-07-31 09:08:11'),
	(125,2,18.00,0.00,00000000,NULL,'2014-07-31 09:08:11'),
	(128,2,7.00,0.00,00000000,NULL,'2014-07-31 09:21:56'),
	(128,1,7.00,0.00,00000000,NULL,'2014-07-31 09:21:56'),
	(130,1,0.00,0.00,00000000,NULL,'2014-07-31 09:29:02'),
	(134,1,0.00,0.00,00000000,NULL,'2014-07-31 09:29:57'),
	(135,1,157.00,0.00,00000000,NULL,'2014-07-31 10:37:18'),
	(143,1,117.00,0.00,00000000,NULL,'2014-07-31 11:13:27'),
	(146,1,423.00,0.00,00000000,NULL,'2014-07-31 11:26:58'),
	(147,2,1.00,0.00,00000000,NULL,'2014-07-31 11:27:58'),
	(151,2,645.00,0.00,00000000,NULL,'2014-07-31 12:01:40'),
	(157,2,1569.00,0.00,00000000,NULL,'2014-07-31 12:37:21'),
	(166,2,816.00,0.00,00000000,NULL,'2014-07-31 12:53:05'),
	(195,2,2069.00,0.00,00000000,NULL,'2014-07-31 14:38:48'),
	(204,1,9.00,0.00,00000000,NULL,'2014-07-31 14:47:32'),
	(239,3,9.00,0.00,00000000,NULL,'2014-08-01 09:30:11'),
	(240,3,19.00,0.00,00000000,NULL,'2014-08-01 09:35:18'),
	(242,3,11.00,0.00,00000000,NULL,'2014-08-01 09:36:41'),
	(243,3,19.00,0.00,00000000,NULL,'2014-08-01 09:37:39'),
	(244,3,10.00,0.00,00000000,NULL,'2014-08-01 09:44:14'),
	(245,3,9.00,0.00,00000000,NULL,'2014-08-01 09:53:57'),
	(249,3,27.00,0.00,00000000,NULL,'2014-08-01 10:04:46'),
	(252,3,14.00,0.00,00000000,NULL,'2014-08-01 10:28:58'),
	(253,3,608.00,0.00,00000000,NULL,'2014-08-01 10:46:15'),
	(254,1,51.00,0.00,00000000,NULL,'2014-08-01 10:59:34'),
	(257,3,82.00,0.00,00000000,NULL,'2014-08-01 11:08:56'),
	(258,3,59.00,0.00,00000000,NULL,'2014-08-01 11:11:37'),
	(260,3,21.00,0.00,00000000,NULL,'2014-08-01 11:18:34'),
	(261,3,143.00,0.00,00000000,NULL,'2014-08-01 11:20:54'),
	(262,3,157.00,0.00,00000000,NULL,'2014-08-01 11:24:49'),
	(263,3,24.00,0.00,00000000,NULL,'2014-08-01 11:28:58'),
	(264,3,14.00,0.00,00000000,NULL,'2014-08-01 11:31:20'),
	(265,1,17.00,0.00,00000000,NULL,'2014-08-01 11:34:00'),
	(265,3,18.00,0.00,00000000,NULL,'2014-08-01 11:34:01'),
	(266,1,23.00,0.00,00000000,NULL,'2014-08-01 11:37:13'),
	(266,3,23.00,0.00,00000000,NULL,'2014-08-01 11:37:13'),
	(268,1,15.00,0.00,00000000,NULL,'2014-08-01 11:48:14'),
	(268,3,15.00,0.00,00000000,NULL,'2014-08-01 11:48:14'),
	(272,1,14.00,0.00,00000000,NULL,'2014-08-01 12:10:59'),
	(272,3,15.00,0.00,00000000,NULL,'2014-08-01 12:11:00'),
	(274,1,19.00,0.00,00000000,NULL,'2014-08-01 12:15:15'),
	(274,3,19.00,0.00,00000000,NULL,'2014-08-01 12:15:15'),
	(275,1,18.00,0.00,00000000,NULL,'2014-08-01 12:19:57'),
	(275,3,20.00,0.00,00000000,NULL,'2014-08-01 12:19:59'),
	(276,1,14.00,0.00,00000000,NULL,'2014-08-01 12:21:30'),
	(276,2,14.00,0.00,00000000,NULL,'2014-08-01 12:21:30'),
	(280,3,27.00,0.00,00000000,NULL,'2014-08-01 12:25:59'),
	(280,1,34.00,0.00,00000000,NULL,'2014-08-01 12:26:06'),
	(277,1,3964.00,0.00,00000000,NULL,'2014-08-01 13:27:34'),
	(282,2,3703.00,0.00,00000000,NULL,'2014-08-01 14:29:16'),
	(283,2,285.00,0.00,00000000,NULL,'2014-08-01 14:33:39'),
	(281,3,4146.00,0.00,00000000,NULL,'2014-08-01 14:36:05'),
	(284,2,277.00,0.00,00000000,NULL,'2014-08-01 14:38:09'),
	(288,1,4.00,0.00,00000000,NULL,'2014-08-01 14:43:58'),
	(290,2,17.00,0.00,00000000,NULL,'2014-08-01 14:46:18'),
	(290,1,18.00,0.00,00000000,NULL,'2014-08-01 14:46:19'),
	(291,3,10.00,0.00,00000000,NULL,'2014-08-01 14:47:40'),
	(291,2,478.00,0.00,00000000,NULL,'2014-08-01 14:47:41'),
	(292,3,592.00,0.00,00000000,NULL,'2014-08-01 14:48:56'),
	(292,1,14.00,0.00,00000000,NULL,'2014-08-01 14:48:57'),
	(294,3,9.00,0.00,00000000,NULL,'2014-08-01 15:00:43'),
	(294,2,10.00,0.00,00000000,NULL,'2014-08-01 15:00:44'),
	(295,3,28.00,0.00,00000000,NULL,'2014-08-01 15:01:18'),
	(295,2,9.00,0.00,00000000,NULL,'2014-08-01 15:01:19'),
	(296,2,8.00,0.00,00000000,NULL,'2014-08-01 15:02:17'),
	(296,3,8.00,0.00,00000000,NULL,'2014-08-01 15:02:17'),
	(297,2,0.00,0.00,00000000,NULL,'2014-08-01 15:03:04'),
	(298,1,15.00,0.00,00000000,NULL,'2014-08-01 15:03:19'),
	(300,2,8.00,0.00,00000000,NULL,'2014-08-01 15:03:50'),
	(299,1,40.00,0.00,00000000,NULL,'2014-08-01 15:03:50'),
	(301,3,11.00,0.00,00000000,NULL,'2014-08-03 13:25:42'),
	(301,2,12.00,0.00,00000000,NULL,'2014-08-03 13:25:43'),
	(289,3,168183.00,0.00,00000000,NULL,'2014-08-03 13:27:38'),
	(304,3,10.00,0.00,00000000,NULL,'2014-08-03 13:36:23'),
	(304,1,11.00,0.00,00000000,NULL,'2014-08-03 13:36:24'),
	(306,3,8.00,0.00,00000000,NULL,'2014-08-03 13:44:25'),
	(306,1,8.00,0.00,00000000,NULL,'2014-08-03 13:44:25'),
	(313,3,8.00,0.00,00000000,NULL,'2014-08-03 15:24:46'),
	(313,1,9.00,0.00,00000000,NULL,'2014-08-03 15:24:47'),
	(315,3,8.00,0.00,00000000,NULL,'2014-08-03 15:27:31'),
	(315,1,9.00,0.00,00000000,NULL,'2014-08-03 15:27:32'),
	(317,3,10.00,0.00,00000000,NULL,'2014-08-03 15:28:38'),
	(317,1,11.00,0.00,00000000,NULL,'2014-08-03 15:28:39'),
	(320,1,4.00,0.00,00000000,NULL,'2014-08-03 15:30:01'),
	(320,3,4.00,0.00,00000000,NULL,'2014-08-03 15:30:01'),
	(322,3,10.00,0.00,00000000,NULL,'2014-08-03 15:32:38'),
	(322,1,12.00,0.00,00000000,NULL,'2014-08-03 15:32:40'),
	(324,3,23.00,0.00,00000000,NULL,'2014-08-03 15:45:17'),
	(324,1,24.00,0.00,00000000,NULL,'2014-08-03 15:45:18'),
	(327,3,282.00,0.00,00000000,NULL,'2014-08-03 15:59:56'),
	(327,1,289.00,0.00,00000000,NULL,'2014-08-03 16:00:02'),
	(328,3,11.00,0.00,00000000,NULL,'2014-08-03 16:04:28'),
	(328,1,12.00,0.00,00000000,NULL,'2014-08-03 16:04:29'),
	(330,3,372.00,0.00,00000000,NULL,'2014-08-03 16:10:58'),
	(333,3,131.00,0.00,00000000,NULL,'2014-08-03 16:18:00'),
	(333,2,131.00,0.00,00000000,NULL,'2014-08-03 16:18:00'),
	(334,3,5.00,0.00,00000000,NULL,'2014-08-03 16:21:11'),
	(334,1,6.00,0.00,00000000,NULL,'2014-08-03 16:21:12'),
	(336,3,323.00,0.00,00000000,NULL,'2014-08-03 20:27:33'),
	(455,3,2.00,0.00,00000000,NULL,'2014-08-04 12:19:40'),
	(458,2,410.00,0.00,00000000,NULL,'2014-08-04 12:29:44'),
	(468,1,81.00,0.00,00000000,NULL,'2014-08-04 12:38:41'),
	(468,2,81.00,0.00,00000000,NULL,'2014-08-04 12:38:41'),
	(469,3,7.00,0.00,00000000,NULL,'2014-08-04 12:40:45'),
	(469,2,8.00,0.00,00000000,NULL,'2014-08-04 12:40:46'),
	(470,2,26.00,0.00,00000000,NULL,'2014-08-04 12:41:17'),
	(470,1,26.00,0.00,00000000,NULL,'2014-08-04 12:41:17'),
	(471,1,16.00,0.00,00000000,NULL,'2014-08-04 12:42:17'),
	(471,2,16.00,0.00,00000000,NULL,'2014-08-04 12:42:17'),
	(473,1,81.00,0.00,00000000,NULL,'2014-08-04 12:43:57'),
	(473,2,82.00,0.00,00000000,NULL,'2014-08-04 12:43:58'),
	(474,3,41.00,0.00,00000000,NULL,'2014-08-04 12:52:59'),
	(474,2,42.00,0.00,00000000,NULL,'2014-08-04 12:53:00'),
	(477,1,46.00,0.00,00000000,NULL,'2014-08-04 13:07:32'),
	(477,2,46.00,0.00,00000000,NULL,'2014-08-04 13:07:32'),
	(479,1,7.00,0.00,00000000,NULL,'2014-08-04 13:28:43'),
	(479,2,8.00,0.00,00000000,NULL,'2014-08-04 13:28:44'),
	(481,2,11.00,0.00,00000000,NULL,'2014-08-04 13:34:39'),
	(481,1,11.00,0.00,00000000,NULL,'2014-08-04 13:34:39'),
	(482,2,7.00,0.00,00000000,NULL,'2014-08-04 13:35:25'),
	(484,1,19.00,0.00,00000000,NULL,'2014-08-04 13:37:57'),
	(484,2,20.00,0.00,00000000,NULL,'2014-08-04 13:37:58'),
	(483,3,82.00,0.00,00000000,NULL,'2014-08-04 13:38:54'),
	(483,2,82.00,0.00,00000000,NULL,'2014-08-04 13:38:54'),
	(486,3,12.00,0.00,00000000,NULL,'2014-08-04 13:41:20'),
	(486,2,13.00,0.00,00000000,NULL,'2014-08-04 13:41:21'),
	(487,1,12.00,0.00,00000000,NULL,'2014-08-04 13:41:51'),
	(487,2,12.00,0.00,00000000,NULL,'2014-08-04 13:41:51'),
	(490,1,12.00,0.00,00000000,NULL,'2014-08-04 13:45:48'),
	(490,2,13.00,0.00,00000000,NULL,'2014-08-04 13:45:49'),
	(491,2,10.00,0.00,00000000,NULL,'2014-08-04 13:46:35'),
	(491,1,10.00,0.00,00000000,NULL,'2014-08-04 13:46:35'),
	(492,3,7.00,0.00,00000000,NULL,'2014-08-04 13:47:46'),
	(492,2,7.00,0.00,00000000,NULL,'2014-08-04 13:47:46'),
	(493,1,7.00,0.00,00000000,NULL,'2014-08-04 13:48:05'),
	(493,2,8.00,0.00,00000000,NULL,'2014-08-04 13:48:06'),
	(494,2,7.00,0.00,00000000,NULL,'2014-08-04 13:49:06'),
	(494,1,8.00,0.00,00000000,NULL,'2014-08-04 13:49:07'),
	(495,2,29.00,0.00,00000000,NULL,'2014-08-04 13:53:02'),
	(495,3,30.00,0.00,00000000,NULL,'2014-08-04 13:53:03'),
	(496,3,17.00,0.00,00000000,NULL,'2014-08-04 13:59:14'),
	(496,2,18.00,0.00,00000000,NULL,'2014-08-04 13:59:15'),
	(501,1,45.00,0.00,00000000,NULL,'2014-08-04 14:53:04'),
	(501,2,46.00,0.00,00000000,NULL,'2014-08-04 14:53:05'),
	(503,2,12.00,0.00,00000000,NULL,'2014-08-04 14:58:13'),
	(503,1,12.00,0.00,00000000,NULL,'2014-08-04 14:58:13'),
	(505,3,8.00,0.00,00000000,NULL,'2014-08-04 15:01:00'),
	(505,2,9.00,0.00,00000000,NULL,'2014-08-04 15:01:01'),
	(507,1,12.00,0.00,00000000,NULL,'2014-08-04 15:05:08'),
	(507,2,13.00,0.00,00000000,NULL,'2014-08-04 15:05:09'),
	(508,3,26.00,0.00,00000000,NULL,'2014-08-04 15:26:58'),
	(508,2,27.00,0.00,00000000,NULL,'2014-08-04 15:26:59'),
	(509,2,27.00,0.00,00000000,NULL,'2014-08-04 15:30:59'),
	(509,1,28.00,0.00,00000000,NULL,'2014-08-04 15:31:00'),
	(511,2,37.00,0.00,00000000,NULL,'2014-08-04 15:43:54'),
	(511,1,37.00,0.00,00000000,NULL,'2014-08-04 15:43:54'),
	(512,2,47.00,0.00,00000000,NULL,'2014-08-04 15:47:49'),
	(512,1,48.00,0.00,00000000,NULL,'2014-08-04 15:47:50'),
	(514,2,6.00,0.00,00000000,NULL,'2014-08-04 15:53:20'),
	(514,1,7.00,0.00,00000000,NULL,'2014-08-04 15:53:21'),
	(516,2,36.00,0.00,00000000,NULL,'2014-08-04 15:57:26'),
	(516,1,36.00,0.00,00000000,NULL,'2014-08-04 15:57:26'),
	(519,3,14.00,0.00,00000000,NULL,'2014-08-04 16:31:26'),
	(519,2,15.00,0.00,00000000,NULL,'2014-08-04 16:31:27'),
	(546,3,6.00,0.00,00000000,NULL,'2014-08-04 18:18:22'),
	(546,2,7.00,0.00,00000000,NULL,'2014-08-04 18:18:23'),
	(547,2,8.00,0.00,00000000,NULL,'2014-08-04 18:19:27'),
	(554,1,6.00,0.00,00000000,NULL,'2014-08-04 18:35:56'),
	(554,2,7.00,0.00,00000000,NULL,'2014-08-04 18:35:57'),
	(555,2,9.00,0.00,00000000,NULL,'2014-08-04 18:36:51'),
	(557,2,8.00,0.00,00000000,NULL,'2014-08-04 18:38:16'),
	(557,3,8.00,0.00,00000000,NULL,'2014-08-04 18:38:16'),
	(596,3,11.00,0.00,00000000,NULL,'2014-08-04 18:45:49'),
	(596,2,11.00,0.00,00000000,NULL,'2014-08-04 18:45:49'),
	(597,3,6.00,0.00,00000000,NULL,'2014-08-04 18:47:10'),
	(597,2,6.00,0.00,00000000,NULL,'2014-08-04 18:47:10'),
	(599,1,13.00,0.00,00000000,NULL,'2014-08-04 18:48:19'),
	(599,2,14.00,0.00,00000000,NULL,'2014-08-04 18:48:20'),
	(606,3,6.00,0.00,00000000,NULL,'2014-08-05 09:24:03'),
	(606,2,6.00,0.00,00000000,NULL,'2014-08-05 09:24:03'),
	(607,3,41.00,0.00,00000000,NULL,'2014-08-05 09:25:45'),
	(607,2,41.00,0.00,00000000,NULL,'2014-08-05 09:25:45'),
	(609,1,30.00,0.00,00000000,NULL,'2014-08-05 09:42:52'),
	(609,2,31.00,0.00,00000000,NULL,'2014-08-05 09:42:53'),
	(611,1,73.00,0.00,00000000,NULL,'2014-08-05 09:46:26'),
	(611,2,75.00,0.00,00000000,NULL,'2014-08-05 09:46:28'),
	(613,1,58.00,0.00,00000000,NULL,'2014-08-05 09:53:20'),
	(613,2,59.00,0.00,00000000,NULL,'2014-08-05 09:53:21'),
	(614,2,12.00,0.00,00000000,NULL,'2014-08-05 09:59:07'),
	(614,1,12.00,0.00,00000000,NULL,'2014-08-05 09:59:07'),
	(616,2,8.00,0.00,00000000,NULL,'2014-08-05 10:05:05'),
	(616,1,8.00,0.00,00000000,NULL,'2014-08-05 10:05:05'),
	(617,2,22.00,0.00,00000000,NULL,'2014-08-05 10:09:14'),
	(617,3,22.00,0.00,00000000,NULL,'2014-08-05 10:09:14'),
	(619,1,17.00,0.00,00000000,NULL,'2014-08-05 10:10:57'),
	(619,2,17.00,0.00,00000000,NULL,'2014-08-05 10:10:57'),
	(620,2,72.00,0.00,00000000,NULL,'2014-08-05 10:12:46'),
	(620,1,87.00,0.00,00000000,NULL,'2014-08-05 10:13:01'),
	(621,3,11.00,0.00,00000000,NULL,'2014-08-05 10:16:21'),
	(621,2,12.00,0.00,00000000,NULL,'2014-08-05 10:16:22'),
	(680,1,6.00,0.00,00000000,NULL,'2014-08-05 13:56:06'),
	(680,2,8.00,0.00,00000000,NULL,'2014-08-05 13:56:08'),
	(761,2,9.00,0.00,00000000,NULL,'2014-08-05 17:11:43'),
	(763,1,15.00,0.00,00000000,NULL,'2014-08-05 17:13:48'),
	(763,2,15.00,0.00,00000000,NULL,'2014-08-05 17:13:48'),
	(764,2,5.00,0.00,00000000,NULL,'2014-08-05 17:14:29'),
	(764,1,5.00,0.00,00000000,NULL,'2014-08-05 17:14:29'),
	(765,2,7.00,0.00,00000000,NULL,'2014-08-05 17:14:46'),
	(765,1,7.00,0.00,00000000,NULL,'2014-08-05 17:14:46'),
	(772,1,8.00,0.00,00000000,NULL,'2014-08-05 17:40:32'),
	(772,2,9.00,0.00,00000000,NULL,'2014-08-05 17:40:33'),
	(18,3,156.00,0.00,00000000,NULL,'2014-08-06 12:24:15'),
	(20,3,8.00,0.00,00000000,NULL,'2014-08-06 12:31:33'),
	(22,3,14.00,0.00,00000000,NULL,'2014-08-06 12:35:01'),
	(23,3,8.00,0.00,00000000,NULL,'2014-08-06 12:36:57'),
	(1,2,12.00,0.00,00000000,NULL,'2014-08-06 13:35:21'),
	(2,1,11.00,0.00,00000000,NULL,'2014-08-06 13:37:24'),
	(2,2,12.00,0.00,00000000,NULL,'2014-08-06 13:37:25'),
	(3,2,7.00,0.00,00000000,NULL,'2014-08-06 13:38:00'),
	(3,3,7.00,0.00,00000000,NULL,'2014-08-06 13:38:00'),
	(7,2,30.00,0.00,00000000,NULL,'2014-08-06 13:47:33'),
	(11,3,23.00,0.00,00000000,NULL,'2014-08-06 14:09:07'),
	(15,3,4.00,0.00,00000000,NULL,'2014-08-06 14:19:53'),
	(16,3,6.00,0.00,00000000,NULL,'2014-08-06 14:20:15'),
	(28,1,10.00,0.00,00000000,NULL,'2014-08-06 15:10:42'),
	(42,3,8.00,0.00,00000000,NULL,'2014-08-08 10:27:55'),
	(2,3,6.00,0.00,00000000,NULL,'2014-08-08 10:32:07'),
	(4,2,16.00,0.00,00000000,NULL,'2014-08-08 10:34:10'),
	(4,1,16.00,0.00,00000000,NULL,'2014-08-08 10:34:10'),
	(6,2,5.00,0.00,00000000,NULL,'2014-08-08 10:35:09'),
	(6,1,6.00,0.00,00000000,NULL,'2014-08-08 10:35:10'),
	(29,3,7.00,0.00,00000000,NULL,'2014-08-08 12:33:22'),
	(41,7,10.00,0.00,00000000,NULL,'2014-08-25 10:24:28'),
	(41,6,12.00,0.00,00000000,NULL,'2014-08-25 10:24:30'),
	(1,5,61.00,0.00,00000000,NULL,'2014-08-25 10:53:26'),
	(1,6,27.00,0.00,00000000,NULL,'2014-08-25 10:53:26'),
	(2,7,10.00,0.00,00000000,NULL,'2014-08-25 12:09:13'),
	(2,6,9.00,0.00,00000000,NULL,'2014-08-25 12:14:45'),
	(4,7,9.00,0.00,00000000,NULL,'2014-08-25 12:16:53'),
	(4,6,8.00,0.00,00000000,NULL,'2014-08-25 12:16:53'),
	(5,5,7.00,0.00,00000000,NULL,'2014-08-25 12:22:51'),
	(5,6,7.00,0.00,00000000,NULL,'2014-08-25 12:22:51'),
	(42,7,5.00,0.00,00000000,NULL,'2014-08-25 13:14:27'),
	(42,6,6.00,0.00,00000000,NULL,'2014-08-25 13:14:28'),
	(43,5,5.00,0.00,00000000,NULL,'2014-08-25 13:14:45'),
	(43,6,5.00,0.00,00000000,NULL,'2014-08-25 13:14:45'),
	(45,6,16.00,0.00,00000000,NULL,'2014-08-25 13:16:16'),
	(45,7,16.00,0.00,00000000,NULL,'2014-08-25 13:16:16'),
	(52,5,29.00,0.00,00000000,NULL,'2014-08-25 13:31:53'),
	(52,6,30.00,0.00,00000000,NULL,'2014-08-25 13:31:54'),
	(55,7,5.00,0.00,00000000,NULL,'2014-08-25 14:27:27'),
	(55,6,5.00,0.00,00000000,NULL,'2014-08-25 14:27:27'),
	(56,5,19.00,0.00,00000000,NULL,'2014-08-25 14:28:06'),
	(56,6,20.00,0.00,00000000,NULL,'2014-08-25 14:28:07'),
	(58,5,5.00,0.00,00000000,NULL,'2014-08-25 14:38:14'),
	(58,6,5.00,0.00,00000000,NULL,'2014-08-25 14:38:14'),
	(60,6,4.00,0.00,00000000,NULL,'2014-08-25 14:54:03'),
	(60,7,4.00,0.00,00000000,NULL,'2014-08-25 14:54:03'),
	(61,7,7.00,0.00,00000000,NULL,'2014-08-25 15:04:28'),
	(61,6,7.00,0.00,00000000,NULL,'2014-08-25 15:04:28'),
	(68,6,22.00,0.00,00000000,NULL,'2014-08-26 11:45:50'),
	(68,7,23.00,0.00,00000000,NULL,'2014-08-26 11:45:51'),
	(1,7,26.00,0.00,00000000,NULL,'2014-08-26 12:00:04'),
	(3,5,4.00,0.00,00000000,NULL,'2014-08-26 12:37:57'),
	(3,6,14.00,0.00,00000000,NULL,'2014-08-26 12:37:57'),
	(2,5,8.00,0.00,00000000,NULL,'2014-08-26 12:57:28'),
	(3,7,15.00,0.00,00000000,NULL,'2014-08-26 14:07:17'),
	(5,7,7.00,0.00,00000000,NULL,'2014-08-26 14:29:12'),
	(6,6,5.00,0.00,00000000,NULL,'2014-08-26 14:29:30'),
	(6,7,5.00,0.00,00000000,NULL,'2014-08-26 14:29:31');

/*!40000 ALTER TABLE `user_tandem` ENABLE KEYS */;
UNLOCK TABLES;


# Volcado de tabla user_tandem_task
# ------------------------------------------------------------

DROP TABLE IF EXISTS `user_tandem_task`;

CREATE TABLE `user_tandem_task` (
  `id_user` int(11) NOT NULL DEFAULT '0',
  `id_tandem` int(11) NOT NULL DEFAULT '0',
  `task_number` decimal(4,0) NOT NULL DEFAULT '0',
  `total_time` decimal(10,2) DEFAULT NULL COMMENT 'Time in seconds',
  `points` decimal(10,2) DEFAULT NULL,
  `is_finished` bit(1) DEFAULT NULL,
  `finalized` datetime DEFAULT NULL,
  `created` datetime DEFAULT NULL,
  PRIMARY KEY (`id_user`,`id_tandem`,`task_number`)
) ENGINE=MyISAM DEFAULT CHARSET=latin1;

LOCK TABLES `user_tandem_task` WRITE;
/*!40000 ALTER TABLE `user_tandem_task` DISABLE KEYS */;

INSERT INTO `user_tandem_task` (`id_user`, `id_tandem`, `task_number`, `total_time`, `points`, `is_finished`, `finalized`, `created`)
VALUES
	(2,1,1,1636392.00,0.00,00000000,NULL,'2014-07-18 15:02:09'),
	(1,1,1,584115.00,0.00,00000000,NULL,'2014-07-18 15:02:17'),
	(1,6,1,1291220.00,0.00,00000000,NULL,'2014-07-24 11:54:50'),
	(2,7,1,1129941.00,0.00,00000000,NULL,'2014-07-24 11:55:12'),
	(1,7,1,336813.00,0.00,00000000,NULL,'2014-07-24 11:55:17'),
	(1,8,1,190.00,0.00,00000000,NULL,'2014-07-24 13:45:49'),
	(2,8,1,1123566.00,0.00,00000000,NULL,'2014-07-24 13:46:36'),
	(1,10,1,1123419.00,0.00,00000000,NULL,'2014-07-24 13:59:48'),
	(1,11,1,353757.00,0.00,00000000,NULL,'2014-07-24 15:26:17'),
	(2,11,1,1118583.00,0.00,00000001,'2014-08-06 14:09:21','2014-07-24 15:26:18'),
	(1,19,1,1102415.00,0.00,00000000,NULL,'2014-07-24 18:14:46'),
	(1,21,1,1110231.00,0.00,00000000,NULL,'2014-07-24 18:17:41'),
	(1,2,1,1105936.00,0.00,00000000,NULL,'2014-07-24 18:25:08'),
	(2,2,1,1105926.00,0.00,00000000,NULL,'2014-07-24 18:25:19'),
	(1,3,1,338711.00,0.00,00000000,NULL,'2014-07-24 18:31:46'),
	(2,3,1,1105537.00,0.00,00000000,NULL,'2014-07-24 18:32:23'),
	(2,4,1,1266911.00,0.00,00000000,NULL,'2014-07-24 18:38:59'),
	(1,4,1,1266844.00,0.00,00000000,NULL,'2014-07-24 18:40:06'),
	(1,5,1,286579.00,0.00,00000000,NULL,'2014-07-25 09:11:09'),
	(1,9,1,1046610.00,0.00,00000000,NULL,'2014-07-25 11:19:24'),
	(2,10,1,1046537.00,0.00,00000000,NULL,'2014-07-25 11:21:10'),
	(1,12,1,1046962.00,0.00,00000000,NULL,'2014-07-25 11:21:32'),
	(2,15,1,1047176.00,0.00,00000000,NULL,'2014-07-25 11:26:58'),
	(1,16,1,1039539.00,0.00,00000000,NULL,'2014-07-25 11:27:15'),
	(2,18,1,1039507.00,0.00,00000000,NULL,'2014-07-25 11:38:12'),
	(2,20,1,1045895.00,0.00,00000000,NULL,'2014-07-25 11:56:45'),
	(1,22,1,343975.00,0.00,00000000,NULL,'2014-07-25 12:00:24'),
	(1,24,1,1046263.00,0.00,00000000,NULL,'2014-07-25 12:05:36'),
	(2,24,1,1046208.00,0.00,00000000,NULL,'2014-07-25 12:06:29'),
	(1,27,1,1035006.00,0.00,00000000,NULL,'2014-07-25 15:37:55'),
	(2,28,1,1035157.00,0.00,00000000,NULL,'2014-07-25 15:38:05'),
	(2,29,1,1198186.00,0.00,00000000,NULL,'2014-07-25 15:43:36'),
	(2,30,1,860068.00,0.00,00000000,NULL,'2014-07-27 16:18:03'),
	(1,31,1,148433.00,0.00,00000000,NULL,'2014-07-27 18:52:59'),
	(1,32,1,148491.00,0.00,00000000,NULL,'2014-07-27 19:00:02'),
	(1,34,1,150290.00,0.00,00000000,NULL,'2014-07-27 19:01:36'),
	(1,35,1,150575.00,0.00,00000000,NULL,'2014-07-27 19:14:26'),
	(1,36,1,150959.00,0.00,00000000,NULL,'2014-07-27 19:20:18'),
	(2,5,1,27015.00,0.00,00000000,NULL,'2014-07-28 09:17:14'),
	(2,13,1,793960.00,0.00,00000000,NULL,'2014-07-28 09:46:15'),
	(2,14,1,793442.00,0.00,00000000,NULL,'2014-07-28 09:55:32'),
	(2,16,1,793362.00,0.00,00000000,NULL,'2014-07-28 09:57:33'),
	(2,17,1,793597.00,0.00,00000000,NULL,'2014-07-28 09:57:57'),
	(2,19,1,786316.00,0.00,00000000,NULL,'2014-07-28 10:03:06'),
	(1,20,1,793413.00,0.00,00000000,NULL,'2014-07-28 10:04:48'),
	(2,21,1,91532.00,0.00,00000000,NULL,'2014-07-28 10:05:20'),
	(2,22,1,794041.00,0.00,00000000,NULL,'2014-07-28 10:06:15'),
	(2,23,1,794130.00,0.00,00000000,NULL,'2014-07-28 10:07:22'),
	(2,25,1,788572.00,0.00,00000000,NULL,'2014-07-28 10:13:11'),
	(1,25,1,788555.00,0.00,00000000,NULL,'2014-07-28 10:13:27'),
	(1,26,1,89907.00,0.00,00000000,NULL,'2014-07-28 10:48:37'),
	(2,32,1,91423.00,0.00,00000000,NULL,'2014-07-28 10:51:07'),
	(2,34,1,93210.00,0.00,00000000,NULL,'2014-07-28 10:53:00'),
	(1,29,1,793059.00,0.00,00000000,NULL,'2014-07-28 10:53:22'),
	(2,38,1,102620.00,0.00,00000000,NULL,'2014-07-28 10:59:44'),
	(1,38,1,102609.00,0.00,00000000,NULL,'2014-07-28 10:59:53'),
	(2,40,1,103104.00,0.00,00000000,NULL,'2014-07-28 11:02:50'),
	(1,39,1,102963.00,0.00,00000000,NULL,'2014-07-28 11:03:07'),
	(2,41,1,103020.00,0.00,00000000,NULL,'2014-07-28 11:06:26'),
	(1,41,1,103013.00,0.00,00000000,NULL,'2014-07-28 11:06:38'),
	(2,42,1,947985.00,0.00,00000000,NULL,'2014-07-28 11:08:10'),
	(1,42,1,103697.00,0.00,00000000,NULL,'2014-07-28 11:08:23'),
	(1,43,1,105094.00,0.00,00000000,NULL,'2014-07-28 11:11:57'),
	(2,44,1,105627.00,0.00,00000000,NULL,'2014-07-28 11:12:13'),
	(2,45,1,105890.00,0.00,00000000,NULL,'2014-07-28 11:13:36'),
	(2,46,1,107276.00,0.00,00000000,NULL,'2014-07-28 11:17:47'),
	(1,46,1,107264.00,0.00,00000000,NULL,'2014-07-28 11:18:02'),
	(2,47,1,108532.00,0.00,00000000,NULL,'2014-07-28 11:22:11'),
	(1,47,1,108431.00,0.00,00000000,NULL,'2014-07-28 11:22:17'),
	(2,48,1,108722.00,0.00,00000000,NULL,'2014-07-28 11:38:04'),
	(1,48,1,108401.00,0.00,00000000,NULL,'2014-07-28 11:38:28'),
	(2,49,1,110767.00,0.00,00000000,NULL,'2014-07-28 11:41:38'),
	(2,50,1,163975.00,0.00,00000000,NULL,'2014-07-28 11:43:33'),
	(1,49,1,110345.00,0.00,00000000,NULL,'2014-07-28 11:44:12'),
	(2,51,1,164882.00,0.00,00000000,NULL,'2014-07-28 11:55:35'),
	(1,51,1,164953.00,0.00,00000000,NULL,'2014-07-28 11:56:02'),
	(2,52,1,480.00,0.00,00000000,NULL,'2014-07-28 12:02:45'),
	(2,53,1,166971.00,0.00,00000000,NULL,'2014-07-28 12:10:51'),
	(2,55,1,167551.00,0.00,00000000,NULL,'2014-07-28 12:16:06'),
	(2,56,1,0.00,0.00,00000000,NULL,'2014-07-28 12:19:29'),
	(1,56,1,0.00,0.00,00000000,NULL,'2014-07-28 12:20:26'),
	(1,57,1,0.00,0.00,00000000,NULL,'2014-07-28 12:24:30'),
	(2,58,1,0.00,0.00,00000000,NULL,'2014-07-28 12:28:14'),
	(2,59,1,166283.00,0.00,00000000,NULL,'2014-07-28 12:38:42'),
	(1,59,1,167005.00,0.00,00000000,NULL,'2014-07-28 12:39:24'),
	(2,60,1,0.00,0.00,00000000,NULL,'2014-07-28 12:41:15'),
	(1,60,1,167206.00,0.00,00000000,NULL,'2014-07-28 12:42:07'),
	(2,61,1,0.00,0.00,00000000,NULL,'2014-07-28 12:51:41'),
	(1,61,1,0.00,0.00,00000000,NULL,'2014-07-28 12:52:31'),
	(2,62,1,0.00,0.00,00000000,NULL,'2014-07-28 12:56:12'),
	(2,63,1,167331.00,0.00,00000000,NULL,'2014-07-28 13:01:17'),
	(1,63,1,0.00,0.00,00000000,NULL,'2014-07-28 13:11:20'),
	(2,64,1,0.00,0.00,00000000,NULL,'2014-07-28 13:13:40'),
	(2,65,1,0.00,0.00,00000000,NULL,'2014-07-28 13:19:19'),
	(2,66,1,0.00,0.00,00000000,NULL,'2014-07-28 13:30:41'),
	(2,67,1,0.00,0.00,00000000,NULL,'2014-07-28 13:33:15'),
	(2,68,1,0.00,0.00,00000000,NULL,'2014-07-28 13:41:46'),
	(2,69,1,108.00,0.00,00000000,NULL,'2014-07-28 13:44:39'),
	(2,71,1,0.00,0.00,00000000,NULL,'2014-07-28 13:46:50'),
	(1,70,1,0.00,0.00,00000000,NULL,'2014-07-28 13:47:03'),
	(2,72,1,165182.00,0.00,00000000,NULL,'2014-07-28 13:53:07'),
	(2,73,1,165284.00,0.00,00000000,NULL,'2014-07-28 13:54:45'),
	(2,74,1,165240.00,0.00,00000000,NULL,'2014-07-28 13:56:39'),
	(1,73,1,165143.00,0.00,00000000,NULL,'2014-07-28 13:57:04'),
	(2,75,1,166981.00,0.00,00000000,NULL,'2014-07-28 13:59:02'),
	(1,75,1,0.00,0.00,00000000,NULL,'2014-07-28 13:59:48'),
	(2,76,1,96.00,0.00,00000000,NULL,'2014-07-28 14:01:20'),
	(2,77,1,0.00,0.00,00000000,NULL,'2014-07-28 14:03:12'),
	(1,76,1,165402.00,0.00,00000000,NULL,'2014-07-28 14:04:26'),
	(2,78,1,0.00,0.00,00000000,NULL,'2014-07-28 14:05:24'),
	(1,77,1,167567.00,0.00,00000000,NULL,'2014-07-28 14:05:30'),
	(2,79,1,167769.00,0.00,00000000,NULL,'2014-07-28 14:07:19'),
	(1,79,1,167764.00,0.00,00000000,NULL,'2014-07-28 14:07:25'),
	(2,80,1,167695.00,0.00,00000000,NULL,'2014-07-28 14:10:47'),
	(1,80,1,167635.00,0.00,00000000,NULL,'2014-07-28 14:11:40'),
	(2,81,1,0.00,0.00,00000000,NULL,'2014-07-28 14:13:30'),
	(1,81,1,0.00,0.00,00000000,NULL,'2014-07-28 14:13:37'),
	(2,82,1,168322.00,0.00,00000000,NULL,'2014-07-28 14:15:39'),
	(1,83,1,0.00,0.00,00000000,NULL,'2014-07-28 14:21:01'),
	(2,83,1,0.00,0.00,00000000,NULL,'2014-07-28 14:21:45'),
	(2,84,1,166960.00,0.00,00000000,NULL,'2014-07-28 14:44:09'),
	(2,85,1,166905.00,0.00,00000000,NULL,'2014-07-28 14:46:18'),
	(2,87,1,167007.00,0.00,00000000,NULL,'2014-07-28 14:47:17'),
	(1,87,1,167000.00,0.00,00000000,NULL,'2014-07-28 14:47:24'),
	(1,88,1,167037.00,0.00,00000000,NULL,'2014-07-28 14:48:06'),
	(2,88,1,0.00,0.00,00000000,NULL,'2014-07-28 14:48:07'),
	(1,89,1,0.00,0.00,00000000,NULL,'2014-07-28 14:50:12'),
	(2,89,1,0.00,0.00,00000000,NULL,'2014-07-28 14:50:13'),
	(2,9,1,766096.00,0.00,00000000,NULL,'2014-07-28 17:14:40'),
	(2,12,1,707722.00,0.00,00000000,NULL,'2014-07-29 09:35:32'),
	(1,13,1,707489.00,0.00,00000000,NULL,'2014-07-29 09:47:27'),
	(1,14,1,706219.00,0.00,00000000,NULL,'2014-07-29 10:09:16'),
	(1,15,1,697159.00,0.00,00000000,NULL,'2014-07-29 10:18:23'),
	(1,17,1,703637.00,0.00,00000000,NULL,'2014-07-29 10:57:17'),
	(1,18,1,0.00,0.00,00000000,NULL,'2014-07-29 11:08:16'),
	(1,23,1,702110.00,0.00,00000000,NULL,'2014-07-29 11:41:02'),
	(2,26,1,0.00,0.00,00000000,NULL,'2014-07-29 11:47:05'),
	(2,27,1,0.00,0.00,00000000,NULL,'2014-07-29 11:48:38'),
	(1,30,1,702734.00,0.00,00000000,NULL,'2014-07-29 12:00:18'),
	(2,31,1,696110.00,0.00,00000000,NULL,'2014-07-29 12:06:52'),
	(2,33,1,0.00,0.00,00000000,NULL,'2014-07-29 12:21:31'),
	(1,33,1,0.00,0.00,00000000,NULL,'2014-07-29 12:21:31'),
	(2,36,1,38.00,0.00,00000000,NULL,'2014-07-29 13:15:29'),
	(2,37,1,659.00,0.00,00000000,NULL,'2014-07-29 13:24:23'),
	(1,37,1,6690.00,0.00,00000000,NULL,'2014-07-29 13:24:24'),
	(2,39,1,12.00,0.00,00000000,NULL,'2014-07-29 15:36:25'),
	(1,40,1,21.00,0.00,00000000,NULL,'2014-07-29 15:41:06'),
	(2,43,1,421.00,0.00,00000000,NULL,'2014-07-29 16:02:16'),
	(1,44,1,370.00,0.00,00000000,NULL,'2014-07-29 16:26:33'),
	(1,45,1,1404.00,0.00,00000000,NULL,'2014-07-29 16:35:46'),
	(1,50,1,107.00,0.00,00000000,NULL,'2014-07-30 09:14:44'),
	(1,52,1,43.00,0.00,00000000,NULL,'2014-07-30 10:30:27'),
	(1,53,1,88.00,0.00,00000000,NULL,'2014-07-30 10:32:23'),
	(1,62,1,0.00,0.00,00000000,NULL,'2014-07-30 11:16:59'),
	(1,64,1,0.00,0.00,00000000,NULL,'2014-07-30 11:33:26'),
	(1,66,1,0.00,0.00,00000000,NULL,'2014-07-30 11:37:05'),
	(1,72,1,0.00,0.00,00000000,NULL,'2014-07-30 11:46:09'),
	(1,82,1,0.00,0.00,00000000,NULL,'2014-07-30 13:01:02'),
	(1,84,1,0.00,0.00,00000000,NULL,'2014-07-30 13:06:50'),
	(1,85,1,0.00,0.00,00000000,NULL,'2014-07-30 13:08:02'),
	(2,86,1,0.00,0.00,00000000,NULL,'2014-07-30 13:09:05'),
	(1,86,1,0.00,0.00,00000000,NULL,'2014-07-30 13:09:05'),
	(2,90,1,0.00,0.00,00000000,NULL,'2014-07-30 13:15:54'),
	(1,90,1,0.00,0.00,00000000,NULL,'2014-07-30 13:15:55'),
	(2,91,1,0.00,0.00,00000000,NULL,'2014-07-30 13:26:17'),
	(1,91,1,0.00,0.00,00000000,NULL,'2014-07-30 13:26:18'),
	(1,92,1,0.00,0.00,00000000,NULL,'2014-07-30 13:37:21'),
	(2,92,1,0.00,0.00,00000000,NULL,'2014-07-30 13:37:21'),
	(2,93,1,0.00,0.00,00000000,NULL,'2014-07-30 13:58:24'),
	(1,93,1,0.00,0.00,00000000,NULL,'2014-07-30 13:58:25'),
	(2,94,1,0.00,0.00,00000000,NULL,'2014-07-30 14:06:49'),
	(1,94,1,0.00,0.00,00000000,NULL,'2014-07-30 14:06:50'),
	(1,96,1,28.00,0.00,00000000,NULL,'2014-07-30 14:39:45'),
	(2,96,1,23.00,0.00,00000000,NULL,'2014-07-30 14:39:45'),
	(2,97,1,15.00,0.00,00000001,'2014-07-30 14:43:07','2014-07-30 14:42:52'),
	(1,97,1,14.00,0.00,00000001,'2014-07-30 14:43:07','2014-07-30 14:42:53'),
	(2,97,3,20.00,0.00,00000001,'2014-07-30 14:43:27','2014-07-30 14:43:07'),
	(1,97,3,20.00,0.00,00000001,'2014-07-30 14:43:27','2014-07-30 14:43:07'),
	(2,97,4,18.00,0.00,00000001,'2014-07-30 14:43:45','2014-07-30 14:43:27'),
	(1,97,4,18.00,0.00,00000001,'2014-07-30 14:43:45','2014-07-30 14:43:27'),
	(1,97,5,12.00,0.00,00000001,'2014-07-30 14:43:57','2014-07-30 14:43:45'),
	(2,97,5,13.00,0.00,00000001,'2014-07-30 14:43:58','2014-07-30 14:43:45'),
	(1,97,6,15.00,0.00,00000001,'2014-07-30 14:44:12','2014-07-30 14:43:57'),
	(2,97,6,14.00,0.00,00000001,'2014-07-30 14:44:12','2014-07-30 14:43:58'),
	(1,97,7,16.00,0.00,00000001,'2014-07-30 14:44:28','2014-07-30 14:44:12'),
	(2,97,7,5.00,0.00,00000001,'2014-07-30 14:44:17','2014-07-30 14:44:12'),
	(2,98,7,0.00,0.00,00000001,'2014-07-30 14:49:36','2014-07-30 14:49:36'),
	(2,98,1,9.00,0.00,00000001,'2014-07-30 14:49:45','2014-07-30 14:49:36'),
	(1,98,7,0.00,0.00,00000001,'2014-07-30 14:49:37','2014-07-30 14:49:37'),
	(1,98,1,9.00,0.00,00000001,'2014-07-30 14:49:46','2014-07-30 14:49:37'),
	(2,98,3,0.00,0.00,00000000,NULL,'2014-07-30 14:49:45'),
	(1,98,3,0.00,0.00,00000000,NULL,'2014-07-30 14:49:46'),
	(1,99,3,21.00,0.00,00000000,NULL,'2014-07-30 15:19:15'),
	(1,99,1,21.00,0.00,00000001,'2014-07-30 15:19:36','2014-07-30 15:19:15'),
	(2,99,3,21.00,0.00,00000000,NULL,'2014-07-30 15:19:15'),
	(2,99,1,21.00,0.00,00000001,'2014-07-30 15:19:36','2014-07-30 15:19:15'),
	(2,95,3,0.00,0.00,00000001,'2014-07-30 15:42:44','2014-07-30 15:42:44'),
	(2,95,1,0.00,0.00,00000000,NULL,'2014-07-30 15:42:44'),
	(1,102,3,0.00,0.00,00000001,'2014-07-30 15:44:48','2014-07-30 15:44:48'),
	(1,102,1,0.00,0.00,00000000,NULL,'2014-07-30 15:44:48'),
	(2,102,1,0.00,0.00,00000000,NULL,'2014-07-30 15:44:48'),
	(1,103,1,0.00,0.00,00000000,NULL,'2014-07-30 15:55:08'),
	(2,103,1,0.00,0.00,00000000,NULL,'2014-07-30 15:55:08'),
	(2,105,1,0.00,0.00,00000000,NULL,'2014-07-30 17:22:09'),
	(2,109,1,13.00,0.00,00000001,'2014-07-30 17:52:35','2014-07-30 17:52:22'),
	(1,109,1,12.00,0.00,00000001,'2014-07-30 17:52:36','2014-07-30 17:52:24'),
	(2,109,3,8.00,0.00,00000000,NULL,'2014-07-30 17:52:35'),
	(1,109,3,3.00,0.00,00000000,NULL,'2014-07-30 17:52:36'),
	(1,111,3,0.00,0.00,00000001,'2014-07-30 17:55:48','2014-07-30 17:55:48'),
	(1,111,1,0.00,0.00,00000000,NULL,'2014-07-30 17:55:48'),
	(1,116,1,0.00,0.00,00000000,NULL,'2014-07-30 17:56:31'),
	(2,118,3,24.00,0.00,00000000,NULL,'2014-07-30 18:34:22'),
	(2,118,1,24.00,0.00,00000001,'2014-07-30 18:34:46','2014-07-30 18:34:22'),
	(1,118,1,23.00,0.00,00000001,'2014-07-30 18:34:46','2014-07-30 18:34:23'),
	(1,118,3,0.00,0.00,00000000,NULL,'2014-07-30 18:34:46'),
	(2,119,3,0.00,0.00,00000001,'2014-07-30 18:35:48','2014-07-30 18:35:48'),
	(2,119,1,0.00,0.00,00000000,NULL,'2014-07-30 18:35:48'),
	(1,121,3,0.00,0.00,00000001,'2014-07-30 18:44:37','2014-07-30 18:44:37'),
	(1,121,1,0.00,0.00,00000000,NULL,'2014-07-30 18:44:37'),
	(2,121,1,0.00,0.00,00000000,NULL,'2014-07-30 18:44:39'),
	(1,122,1,0.00,0.00,00000000,NULL,'2014-07-30 18:46:39'),
	(2,122,1,0.00,0.00,00000000,NULL,'2014-07-30 18:46:40'),
	(1,123,1,0.00,0.00,00000000,NULL,'2014-07-30 18:48:35'),
	(2,123,1,0.00,0.00,00000000,NULL,'2014-07-30 18:48:36'),
	(1,124,1,0.00,0.00,00000000,NULL,'2014-07-30 18:51:11'),
	(2,124,1,0.00,0.00,00000000,NULL,'2014-07-30 18:51:12'),
	(1,125,1,0.00,0.00,00000000,NULL,'2014-07-31 09:08:11'),
	(2,125,1,0.00,0.00,00000000,NULL,'2014-07-31 09:08:11'),
	(2,128,1,0.00,0.00,00000000,NULL,'2014-07-31 09:21:56'),
	(1,128,1,0.00,0.00,00000000,NULL,'2014-07-31 09:21:56'),
	(1,130,1,0.00,0.00,00000000,NULL,'2014-07-31 09:29:02'),
	(1,134,1,0.00,0.00,00000000,NULL,'2014-07-31 09:29:57'),
	(1,135,1,0.00,0.00,00000000,NULL,'2014-07-31 10:37:18'),
	(1,143,1,0.00,0.00,00000000,NULL,'2014-07-31 11:13:27'),
	(1,146,1,0.00,0.00,00000000,NULL,'2014-07-31 11:26:58'),
	(2,147,1,0.00,0.00,00000000,NULL,'2014-07-31 11:27:58'),
	(2,151,1,0.00,0.00,00000000,NULL,'2014-07-31 12:01:40'),
	(2,157,1,0.00,0.00,00000000,NULL,'2014-07-31 12:37:21'),
	(2,166,1,0.00,0.00,00000000,NULL,'2014-07-31 12:53:05'),
	(2,195,1,0.00,0.00,00000000,NULL,'2014-07-31 14:38:48'),
	(1,204,1,0.00,0.00,00000000,NULL,'2014-07-31 14:47:32'),
	(3,239,1,0.00,0.00,00000000,NULL,'2014-08-01 09:30:11'),
	(3,240,1,0.00,0.00,00000000,NULL,'2014-08-01 09:35:18'),
	(3,242,1,0.00,0.00,00000000,NULL,'2014-08-01 09:36:41'),
	(3,243,1,0.00,0.00,00000000,NULL,'2014-08-01 09:37:39'),
	(3,244,1,0.00,0.00,00000000,NULL,'2014-08-01 09:44:14'),
	(3,245,1,0.00,0.00,00000000,NULL,'2014-08-01 09:53:57'),
	(3,249,1,0.00,0.00,00000000,NULL,'2014-08-01 10:04:46'),
	(3,252,1,0.00,0.00,00000000,NULL,'2014-08-01 10:28:58'),
	(3,253,1,0.00,0.00,00000000,NULL,'2014-08-01 10:46:15'),
	(1,254,1,0.00,0.00,00000000,NULL,'2014-08-01 10:59:34'),
	(3,257,1,68.00,0.00,00000000,NULL,'2014-08-01 11:08:56'),
	(3,258,1,0.00,0.00,00000000,NULL,'2014-08-01 11:11:37'),
	(3,260,1,0.00,0.00,00000000,NULL,'2014-08-01 11:18:34'),
	(3,261,1,116.00,0.00,00000000,NULL,'2014-08-01 11:20:54'),
	(3,262,1,122.00,0.00,00000000,NULL,'2014-08-01 11:24:49'),
	(3,263,1,0.00,0.00,00000000,NULL,'2014-08-01 11:28:58'),
	(3,264,1,0.00,0.00,00000000,NULL,'2014-08-01 11:31:20'),
	(1,265,1,0.00,0.00,00000000,NULL,'2014-08-01 11:34:00'),
	(3,265,1,0.00,0.00,00000000,NULL,'2014-08-01 11:34:01'),
	(1,266,1,0.00,0.00,00000000,NULL,'2014-08-01 11:37:13'),
	(3,266,1,0.00,0.00,00000000,NULL,'2014-08-01 11:37:13'),
	(1,268,1,0.00,0.00,00000000,NULL,'2014-08-01 11:48:14'),
	(3,268,1,0.00,0.00,00000000,NULL,'2014-08-01 11:48:14'),
	(1,272,1,0.00,0.00,00000000,NULL,'2014-08-01 12:10:59'),
	(3,272,1,0.00,0.00,00000000,NULL,'2014-08-01 12:11:00'),
	(1,274,1,0.00,0.00,00000000,NULL,'2014-08-01 12:15:15'),
	(3,274,1,0.00,0.00,00000000,NULL,'2014-08-01 12:15:15'),
	(1,275,1,0.00,0.00,00000000,NULL,'2014-08-01 12:19:57'),
	(3,275,1,0.00,0.00,00000000,NULL,'2014-08-01 12:19:59'),
	(1,276,1,0.00,0.00,00000000,NULL,'2014-08-01 12:21:30'),
	(2,276,1,0.00,0.00,00000000,NULL,'2014-08-01 12:21:30'),
	(3,280,1,0.00,0.00,00000000,NULL,'2014-08-01 12:25:59'),
	(1,280,1,0.00,0.00,00000000,NULL,'2014-08-01 12:26:06'),
	(1,277,1,0.00,0.00,00000000,NULL,'2014-08-01 13:27:34'),
	(2,282,1,0.00,0.00,00000000,NULL,'2014-08-01 14:29:16'),
	(2,283,1,0.00,0.00,00000000,NULL,'2014-08-01 14:33:39'),
	(3,281,1,0.00,0.00,00000000,NULL,'2014-08-01 14:36:05'),
	(2,284,1,0.00,0.00,00000000,NULL,'2014-08-01 14:38:09'),
	(1,288,1,0.00,0.00,00000000,NULL,'2014-08-01 14:43:58'),
	(2,290,1,0.00,0.00,00000000,NULL,'2014-08-01 14:46:18'),
	(1,290,1,0.00,0.00,00000000,NULL,'2014-08-01 14:46:19'),
	(3,291,1,0.00,0.00,00000000,NULL,'2014-08-01 14:47:40'),
	(2,291,1,467.00,0.00,00000000,NULL,'2014-08-01 14:47:41'),
	(3,292,1,579.00,0.00,00000000,NULL,'2014-08-01 14:48:56'),
	(1,292,1,0.00,0.00,00000000,NULL,'2014-08-01 14:48:57'),
	(3,294,1,0.00,0.00,00000000,NULL,'2014-08-01 15:00:43'),
	(2,294,1,0.00,0.00,00000000,NULL,'2014-08-01 15:00:44'),
	(3,295,1,20.00,0.00,00000000,NULL,'2014-08-01 15:01:18'),
	(2,295,1,0.00,0.00,00000000,NULL,'2014-08-01 15:01:19'),
	(2,296,1,0.00,0.00,00000000,NULL,'2014-08-01 15:02:17'),
	(3,296,1,0.00,0.00,00000000,NULL,'2014-08-01 15:02:17'),
	(2,297,1,0.00,0.00,00000000,NULL,'2014-08-01 15:03:04'),
	(1,298,1,0.00,0.00,00000000,NULL,'2014-08-01 15:03:19'),
	(2,300,1,0.00,0.00,00000000,NULL,'2014-08-01 15:03:50'),
	(1,299,1,0.00,0.00,00000000,NULL,'2014-08-01 15:03:50'),
	(3,301,1,0.00,0.00,00000000,NULL,'2014-08-03 13:25:42'),
	(2,301,1,0.00,0.00,00000000,NULL,'2014-08-03 13:25:43'),
	(3,289,1,0.00,0.00,00000000,NULL,'2014-08-03 13:27:38'),
	(3,304,1,0.00,0.00,00000000,NULL,'2014-08-03 13:36:23'),
	(1,304,1,0.00,0.00,00000000,NULL,'2014-08-03 13:36:24'),
	(3,306,1,0.00,0.00,00000000,NULL,'2014-08-03 13:44:25'),
	(1,306,1,0.00,0.00,00000000,NULL,'2014-08-03 13:44:25'),
	(3,313,1,0.00,0.00,00000000,NULL,'2014-08-03 15:24:46'),
	(1,313,1,0.00,0.00,00000000,NULL,'2014-08-03 15:24:47'),
	(3,315,1,0.00,0.00,00000000,NULL,'2014-08-03 15:27:31'),
	(1,315,1,0.00,0.00,00000000,NULL,'2014-08-03 15:27:32'),
	(3,317,1,0.00,0.00,00000000,NULL,'2014-08-03 15:28:38'),
	(1,317,1,0.00,0.00,00000000,NULL,'2014-08-03 15:28:39'),
	(1,320,1,0.00,0.00,00000000,NULL,'2014-08-03 15:30:01'),
	(3,320,1,0.00,0.00,00000000,NULL,'2014-08-03 15:30:01'),
	(3,322,1,0.00,0.00,00000000,NULL,'2014-08-03 15:32:38'),
	(1,322,1,0.00,0.00,00000000,NULL,'2014-08-03 15:32:40'),
	(3,324,1,0.00,0.00,00000000,NULL,'2014-08-03 15:45:17'),
	(1,324,1,0.00,0.00,00000000,NULL,'2014-08-03 15:45:18'),
	(3,327,1,0.00,0.00,00000000,NULL,'2014-08-03 15:59:56'),
	(1,327,1,1.00,0.00,00000000,NULL,'2014-08-03 16:00:02'),
	(3,328,1,0.00,0.00,00000000,NULL,'2014-08-03 16:04:28'),
	(1,328,1,0.00,0.00,00000000,NULL,'2014-08-03 16:04:29'),
	(3,330,1,37.00,0.00,00000000,NULL,'2014-08-03 16:10:58'),
	(3,333,1,0.00,0.00,00000000,NULL,'2014-08-03 16:18:00'),
	(2,333,1,0.00,0.00,00000000,NULL,'2014-08-03 16:18:00'),
	(3,334,1,0.00,0.00,00000000,NULL,'2014-08-03 16:21:11'),
	(1,334,1,0.00,0.00,00000000,NULL,'2014-08-03 16:21:12'),
	(3,336,1,0.00,0.00,00000000,NULL,'2014-08-03 20:27:33'),
	(3,455,1,0.00,0.00,00000000,NULL,'2014-08-04 12:19:40'),
	(2,458,1,0.00,0.00,00000000,NULL,'2014-08-04 12:29:44'),
	(1,468,1,73.00,0.00,00000001,'2014-08-04 12:39:54','2014-08-04 12:38:41'),
	(2,468,1,73.00,0.00,00000001,'2014-08-04 12:39:54','2014-08-04 12:38:41'),
	(1,468,3,0.00,0.00,00000000,NULL,'2014-08-04 12:39:54'),
	(2,468,3,0.00,0.00,00000000,NULL,'2014-08-04 12:39:54'),
	(3,469,1,0.00,0.00,00000000,NULL,'2014-08-04 12:40:45'),
	(2,469,3,0.00,0.00,00000001,'2014-08-04 12:40:46','2014-08-04 12:40:46'),
	(2,469,1,0.00,0.00,00000000,NULL,'2014-08-04 12:40:46'),
	(2,470,1,0.00,0.00,00000000,NULL,'2014-08-04 12:41:17'),
	(1,470,3,0.00,0.00,00000001,'2014-08-04 12:41:17','2014-08-04 12:41:17'),
	(1,470,1,0.00,0.00,00000000,NULL,'2014-08-04 12:41:17'),
	(1,471,1,0.00,0.00,00000000,NULL,'2014-08-04 12:42:17'),
	(2,471,1,0.00,0.00,00000000,NULL,'2014-08-04 12:42:17'),
	(1,473,1,0.00,0.00,00000000,NULL,'2014-08-04 12:43:57'),
	(2,473,1,0.00,0.00,00000000,NULL,'2014-08-04 12:43:58'),
	(3,474,1,0.00,0.00,00000000,NULL,'2014-08-04 12:52:59'),
	(2,474,1,0.00,0.00,00000000,NULL,'2014-08-04 12:53:00'),
	(1,477,1,0.00,0.00,00000000,NULL,'2014-08-04 13:07:32'),
	(2,477,1,0.00,0.00,00000000,NULL,'2014-08-04 13:07:32'),
	(1,479,1,0.00,0.00,00000000,NULL,'2014-08-04 13:28:43'),
	(2,479,1,0.00,0.00,00000000,NULL,'2014-08-04 13:28:44'),
	(2,481,1,0.00,0.00,00000000,NULL,'2014-08-04 13:34:39'),
	(1,481,1,0.00,0.00,00000000,NULL,'2014-08-04 13:34:39'),
	(2,482,1,0.00,0.00,00000000,NULL,'2014-08-04 13:35:25'),
	(1,484,1,0.00,0.00,00000000,NULL,'2014-08-04 13:37:57'),
	(2,484,1,0.00,0.00,00000000,NULL,'2014-08-04 13:37:58'),
	(3,483,1,0.00,0.00,00000000,NULL,'2014-08-04 13:38:54'),
	(2,483,1,0.00,0.00,00000000,NULL,'2014-08-04 13:38:54'),
	(3,486,1,0.00,0.00,00000000,NULL,'2014-08-04 13:41:20'),
	(2,486,1,0.00,0.00,00000000,NULL,'2014-08-04 13:41:21'),
	(1,487,1,0.00,0.00,00000000,NULL,'2014-08-04 13:41:51'),
	(2,487,1,0.00,0.00,00000000,NULL,'2014-08-04 13:41:51'),
	(1,490,1,0.00,0.00,00000000,NULL,'2014-08-04 13:45:48'),
	(2,490,1,0.00,0.00,00000000,NULL,'2014-08-04 13:45:49'),
	(2,491,1,0.00,0.00,00000000,NULL,'2014-08-04 13:46:35'),
	(1,491,1,0.00,0.00,00000000,NULL,'2014-08-04 13:46:35'),
	(3,492,1,0.00,0.00,00000000,NULL,'2014-08-04 13:47:46'),
	(2,492,1,0.00,0.00,00000000,NULL,'2014-08-04 13:47:46'),
	(1,493,1,0.00,0.00,00000000,NULL,'2014-08-04 13:48:05'),
	(2,493,1,0.00,0.00,00000000,NULL,'2014-08-04 13:48:06'),
	(2,494,1,0.00,0.00,00000000,NULL,'2014-08-04 13:49:06'),
	(1,494,1,0.00,0.00,00000000,NULL,'2014-08-04 13:49:07'),
	(2,495,1,0.00,0.00,00000000,NULL,'2014-08-04 13:53:02'),
	(3,495,1,0.00,0.00,00000000,NULL,'2014-08-04 13:53:03'),
	(3,496,1,0.00,0.00,00000000,NULL,'2014-08-04 13:59:14'),
	(2,496,1,0.00,0.00,00000000,NULL,'2014-08-04 13:59:15'),
	(1,501,1,0.00,0.00,00000000,NULL,'2014-08-04 14:53:04'),
	(2,501,1,0.00,0.00,00000000,NULL,'2014-08-04 14:53:05'),
	(2,503,1,0.00,0.00,00000000,NULL,'2014-08-04 14:58:13'),
	(1,503,1,0.00,0.00,00000000,NULL,'2014-08-04 14:58:13'),
	(3,505,1,0.00,0.00,00000000,NULL,'2014-08-04 15:01:00'),
	(2,505,1,0.00,0.00,00000000,NULL,'2014-08-04 15:01:01'),
	(1,507,1,0.00,0.00,00000000,NULL,'2014-08-04 15:05:08'),
	(2,507,1,0.00,0.00,00000000,NULL,'2014-08-04 15:05:09'),
	(3,508,1,0.00,0.00,00000000,NULL,'2014-08-04 15:26:58'),
	(2,508,1,0.00,0.00,00000000,NULL,'2014-08-04 15:26:59'),
	(2,509,1,0.00,0.00,00000000,NULL,'2014-08-04 15:30:59'),
	(1,509,1,0.00,0.00,00000000,NULL,'2014-08-04 15:31:00'),
	(2,511,1,0.00,0.00,00000000,NULL,'2014-08-04 15:43:54'),
	(1,511,1,0.00,0.00,00000000,NULL,'2014-08-04 15:43:54'),
	(2,512,1,0.00,0.00,00000000,NULL,'2014-08-04 15:47:49'),
	(1,512,1,0.00,0.00,00000000,NULL,'2014-08-04 15:47:50'),
	(2,514,1,0.00,0.00,00000000,NULL,'2014-08-04 15:53:20'),
	(1,514,1,0.00,0.00,00000000,NULL,'2014-08-04 15:53:21'),
	(2,516,1,0.00,0.00,00000000,NULL,'2014-08-04 15:57:26'),
	(1,516,1,0.00,0.00,00000000,NULL,'2014-08-04 15:57:26'),
	(3,519,1,0.00,0.00,00000000,NULL,'2014-08-04 16:31:26'),
	(2,519,1,0.00,0.00,00000000,NULL,'2014-08-04 16:31:27'),
	(3,546,1,0.00,0.00,00000000,NULL,'2014-08-04 18:18:22'),
	(2,546,1,0.00,0.00,00000000,NULL,'2014-08-04 18:18:23'),
	(2,547,1,0.00,0.00,00000000,NULL,'2014-08-04 18:19:27'),
	(1,554,1,0.00,0.00,00000000,NULL,'2014-08-04 18:35:56'),
	(2,554,1,0.00,0.00,00000000,NULL,'2014-08-04 18:35:57'),
	(2,555,1,0.00,0.00,00000000,NULL,'2014-08-04 18:36:51'),
	(2,557,1,0.00,0.00,00000000,NULL,'2014-08-04 18:38:16'),
	(3,557,1,0.00,0.00,00000000,NULL,'2014-08-04 18:38:16'),
	(3,596,1,0.00,0.00,00000000,NULL,'2014-08-04 18:45:49'),
	(2,596,1,0.00,0.00,00000000,NULL,'2014-08-04 18:45:49'),
	(3,597,1,0.00,0.00,00000000,NULL,'2014-08-04 18:47:10'),
	(2,597,1,0.00,0.00,00000000,NULL,'2014-08-04 18:47:10'),
	(1,599,1,0.00,0.00,00000000,NULL,'2014-08-04 18:48:19'),
	(2,599,1,0.00,0.00,00000000,NULL,'2014-08-04 18:48:20'),
	(3,606,1,0.00,0.00,00000000,NULL,'2014-08-05 09:24:03'),
	(2,606,1,0.00,0.00,00000000,NULL,'2014-08-05 09:24:03'),
	(3,607,1,0.00,0.00,00000000,NULL,'2014-08-05 09:25:45'),
	(2,607,1,0.00,0.00,00000000,NULL,'2014-08-05 09:25:45'),
	(1,609,1,0.00,0.00,00000000,NULL,'2014-08-05 09:42:52'),
	(2,609,1,0.00,0.00,00000000,NULL,'2014-08-05 09:42:53'),
	(1,611,1,0.00,0.00,00000000,NULL,'2014-08-05 09:46:26'),
	(2,611,1,0.00,0.00,00000000,NULL,'2014-08-05 09:46:28'),
	(1,613,1,0.00,0.00,00000000,NULL,'2014-08-05 09:53:20'),
	(2,613,1,0.00,0.00,00000000,NULL,'2014-08-05 09:53:21'),
	(2,614,1,0.00,0.00,00000000,NULL,'2014-08-05 09:59:07'),
	(1,614,1,0.00,0.00,00000000,NULL,'2014-08-05 09:59:07'),
	(2,616,1,0.00,0.00,00000000,NULL,'2014-08-05 10:05:05'),
	(1,616,1,0.00,0.00,00000000,NULL,'2014-08-05 10:05:05'),
	(2,617,1,0.00,0.00,00000000,NULL,'2014-08-05 10:09:14'),
	(3,617,1,0.00,0.00,00000000,NULL,'2014-08-05 10:09:14'),
	(1,619,1,0.00,0.00,00000000,NULL,'2014-08-05 10:10:57'),
	(2,619,1,0.00,0.00,00000000,NULL,'2014-08-05 10:10:57'),
	(2,620,1,0.00,0.00,00000000,NULL,'2014-08-05 10:12:46'),
	(1,620,1,0.00,0.00,00000000,NULL,'2014-08-05 10:13:01'),
	(3,621,1,0.00,0.00,00000000,NULL,'2014-08-05 10:16:21'),
	(2,621,1,0.00,0.00,00000000,NULL,'2014-08-05 10:16:22'),
	(1,680,1,0.00,0.00,00000000,NULL,'2014-08-05 13:56:06'),
	(2,680,1,0.00,0.00,00000000,NULL,'2014-08-05 13:56:08'),
	(2,761,1,0.00,0.00,00000000,NULL,'2014-08-05 17:11:43'),
	(1,763,1,0.00,0.00,00000000,NULL,'2014-08-05 17:13:48'),
	(2,763,1,0.00,0.00,00000000,NULL,'2014-08-05 17:13:48'),
	(2,764,1,0.00,0.00,00000000,NULL,'2014-08-05 17:14:29'),
	(1,764,1,0.00,0.00,00000000,NULL,'2014-08-05 17:14:29'),
	(2,765,1,0.00,0.00,00000000,NULL,'2014-08-05 17:14:46'),
	(1,765,1,0.00,0.00,00000000,NULL,'2014-08-05 17:14:46'),
	(1,772,1,0.00,0.00,00000000,NULL,'2014-08-05 17:40:32'),
	(2,772,1,0.00,0.00,00000000,NULL,'2014-08-05 17:40:33'),
	(3,18,1,0.00,0.00,00000000,NULL,'2014-08-06 12:24:15'),
	(3,20,1,0.00,0.00,00000000,NULL,'2014-08-06 12:31:33'),
	(3,22,1,0.00,0.00,00000000,NULL,'2014-08-06 12:35:01'),
	(3,23,1,0.00,0.00,00000000,NULL,'2014-08-06 12:36:57'),
	(3,3,1,0.00,0.00,00000000,NULL,'2014-08-06 13:38:00'),
	(3,11,1,15.00,0.00,00000001,'2014-08-06 14:09:22','2014-08-06 14:09:07'),
	(2,11,3,0.00,0.00,00000000,NULL,'2014-08-06 14:09:21'),
	(3,11,3,0.00,0.00,00000000,NULL,'2014-08-06 14:09:22'),
	(2,12,3,0.00,0.00,00000001,'2014-08-06 14:10:54','2014-08-06 14:10:54'),
	(3,15,3,0.00,0.00,00000001,'2014-08-06 14:19:53','2014-08-06 14:19:53'),
	(3,15,1,0.00,0.00,00000000,NULL,'2014-08-06 14:19:53'),
	(3,16,1,0.00,0.00,00000000,NULL,'2014-08-06 14:20:15'),
	(1,28,1,0.00,0.00,00000000,NULL,'2014-08-06 15:10:42'),
	(3,42,1,0.00,0.00,00000000,NULL,'2014-08-08 10:27:55'),
	(3,2,1,0.00,0.00,00000000,NULL,'2014-08-08 10:32:07'),
	(2,6,1,0.00,0.00,00000000,NULL,'2014-08-08 10:35:09'),
	(3,29,1,0.00,0.00,00000000,NULL,'2014-08-08 12:33:22'),
	(7,41,1,0.00,0.00,00000000,NULL,'2014-08-25 10:24:28'),
	(6,41,1,0.00,0.00,00000000,NULL,'2014-08-25 10:24:30'),
	(5,1,1,103319.00,0.00,00000000,NULL,'2014-08-25 10:53:26'),
	(6,1,1,171892.00,0.00,00000000,NULL,'2014-08-25 10:53:26'),
	(7,2,1,167809.00,0.00,00000000,NULL,'2014-08-25 12:09:13'),
	(6,2,1,167476.00,0.00,00000000,NULL,'2014-08-25 12:14:45'),
	(7,4,1,164792.00,0.00,00000000,NULL,'2014-08-25 12:16:53'),
	(6,4,1,164791.00,0.00,00000000,NULL,'2014-08-25 12:16:53'),
	(5,5,1,164464.00,0.00,00000000,NULL,'2014-08-25 12:22:51'),
	(6,5,1,183741.00,0.00,00000000,NULL,'2014-08-25 12:22:51'),
	(7,42,1,0.00,0.00,00000000,NULL,'2014-08-25 13:14:27'),
	(6,42,1,0.00,0.00,00000000,NULL,'2014-08-25 13:14:28'),
	(5,43,1,0.00,0.00,00000000,NULL,'2014-08-25 13:14:45'),
	(6,43,1,0.00,0.00,00000000,NULL,'2014-08-25 13:14:45'),
	(6,45,1,0.00,0.00,00000000,NULL,'2014-08-25 13:16:16'),
	(7,45,1,0.00,0.00,00000000,NULL,'2014-08-25 13:16:16'),
	(5,52,1,0.00,0.00,00000000,NULL,'2014-08-25 13:31:53'),
	(6,52,1,0.00,0.00,00000000,NULL,'2014-08-25 13:31:54'),
	(7,55,1,0.00,0.00,00000000,NULL,'2014-08-25 14:27:27'),
	(6,55,1,0.00,0.00,00000000,NULL,'2014-08-25 14:27:27'),
	(5,56,1,0.00,0.00,00000000,NULL,'2014-08-25 14:28:06'),
	(6,56,1,0.00,0.00,00000000,NULL,'2014-08-25 14:28:07'),
	(5,58,1,0.00,0.00,00000000,NULL,'2014-08-25 14:38:14'),
	(6,58,1,0.00,0.00,00000000,NULL,'2014-08-25 14:38:14'),
	(6,60,1,0.00,0.00,00000000,NULL,'2014-08-25 14:54:03'),
	(7,60,1,0.00,0.00,00000000,NULL,'2014-08-25 14:54:03'),
	(7,61,1,0.00,0.00,00000000,NULL,'2014-08-25 15:04:28'),
	(6,61,1,0.00,0.00,00000000,NULL,'2014-08-25 15:04:28'),
	(6,68,1,0.00,0.00,00000000,NULL,'2014-08-26 11:45:50'),
	(7,68,1,0.00,0.00,00000000,NULL,'2014-08-26 11:45:51'),
	(7,1,1,81493.00,0.00,00000000,NULL,'2014-08-26 12:00:04'),
	(5,3,1,9862.00,0.00,00000000,NULL,'2014-08-26 12:37:57'),
	(6,3,1,13498.00,0.00,00000000,NULL,'2014-08-26 12:37:57'),
	(5,2,1,77039.00,0.00,00000000,NULL,'2014-08-26 12:57:28'),
	(7,3,1,8138.00,0.00,00000000,NULL,'2014-08-26 14:07:18'),
	(7,5,1,89760.00,0.00,00000000,NULL,'2014-08-26 14:29:12'),
	(6,6,1,89765.00,0.00,00000000,NULL,'2014-08-26 14:29:30'),
	(7,6,1,89764.00,0.00,00000000,NULL,'2014-08-26 14:29:31');

/*!40000 ALTER TABLE `user_tandem_task` ENABLE KEYS */;
UNLOCK TABLES;


# Volcado de tabla user_tandem_task_question
# ------------------------------------------------------------

DROP TABLE IF EXISTS `user_tandem_task_question`;

CREATE TABLE `user_tandem_task_question` (
  `id_user` int(11) NOT NULL DEFAULT '0',
  `id_tandem` int(11) NOT NULL DEFAULT '0',
  `task_number` decimal(4,0) NOT NULL DEFAULT '0',
  `question_number` decimal(4,0) NOT NULL DEFAULT '0',
  `total_time` decimal(10,2) DEFAULT NULL COMMENT 'Time in seconds',
  `points` decimal(10,2) DEFAULT NULL,
  `is_finished` bit(1) DEFAULT NULL,
  `finalized` datetime DEFAULT NULL,
  `created` datetime DEFAULT NULL,
  PRIMARY KEY (`id_user`,`id_tandem`,`task_number`,`question_number`)
) ENGINE=MyISAM DEFAULT CHARSET=latin1;

LOCK TABLES `user_tandem_task_question` WRITE;
/*!40000 ALTER TABLE `user_tandem_task_question` DISABLE KEYS */;

INSERT INTO `user_tandem_task_question` (`id_user`, `id_tandem`, `task_number`, `question_number`, `total_time`, `points`, `is_finished`, `finalized`, `created`)
VALUES
	(2,1,1,0,794828.00,0.00,00000000,NULL,'2014-07-18 15:02:09'),
	(1,1,1,0,0.00,0.00,00000000,NULL,'2014-07-18 15:02:17'),
	(1,6,1,0,0.00,0.00,00000000,NULL,'2014-07-24 11:54:51'),
	(2,7,1,0,0.00,0.00,00000000,NULL,'2014-07-24 11:55:12'),
	(2,8,1,0,77553.00,0.00,00000000,NULL,'2014-07-24 13:46:36'),
	(1,11,1,0,0.00,0.00,00000000,NULL,'2014-07-24 15:26:18'),
	(2,11,1,0,1118583.00,0.00,00000001,'2014-08-06 14:09:21','2014-07-24 15:26:18'),
	(1,19,1,0,0.00,0.00,00000000,NULL,'2014-07-24 18:14:46'),
	(2,2,1,0,0.00,0.00,00000000,NULL,'2014-07-24 18:25:19'),
	(1,5,1,0,0.00,0.00,00000000,NULL,'2014-07-25 09:11:09'),
	(1,27,1,0,0.00,0.00,00000000,NULL,'2014-07-25 15:37:55'),
	(2,30,1,0,0.00,0.00,00000000,NULL,'2014-07-27 16:18:03'),
	(1,31,1,0,0.00,0.00,00000000,NULL,'2014-07-27 18:52:59'),
	(2,5,1,0,0.00,0.00,00000000,NULL,'2014-07-28 09:17:14'),
	(1,12,1,0,0.00,0.00,00000000,NULL,'2014-07-29 09:35:31'),
	(2,12,1,0,707722.00,0.00,00000000,NULL,'2014-07-29 09:35:32'),
	(2,38,1,0,0.00,0.00,00000000,NULL,'2014-07-29 15:20:53'),
	(1,49,1,0,0.00,0.00,00000000,NULL,'2014-07-29 18:23:18'),
	(1,52,1,0,0.00,0.00,00000000,NULL,'2014-07-30 10:30:27'),
	(2,63,1,0,0.00,0.00,00000000,NULL,'2014-07-30 11:30:08'),
	(1,96,1,0,0.00,0.00,00000000,NULL,'2014-07-30 14:39:45'),
	(2,96,1,0,0.00,0.00,00000000,NULL,'2014-07-30 14:39:45'),
	(2,97,1,0,0.00,0.00,00000001,'2014-07-30 14:43:07','2014-07-30 14:43:07'),
	(2,97,3,0,20.00,0.00,00000001,'2014-07-30 14:43:27','2014-07-30 14:43:07'),
	(1,97,1,0,0.00,0.00,00000001,'2014-07-30 14:43:07','2014-07-30 14:43:07'),
	(1,97,3,0,20.00,0.00,00000001,'2014-07-30 14:43:27','2014-07-30 14:43:07'),
	(2,97,4,0,18.00,0.00,00000001,'2014-07-30 14:43:45','2014-07-30 14:43:27'),
	(1,97,4,0,18.00,0.00,00000001,'2014-07-30 14:43:45','2014-07-30 14:43:27'),
	(1,97,5,0,12.00,0.00,00000001,'2014-07-30 14:43:57','2014-07-30 14:43:45'),
	(2,97,5,0,13.00,0.00,00000001,'2014-07-30 14:43:58','2014-07-30 14:43:45'),
	(1,97,6,0,15.00,0.00,00000001,'2014-07-30 14:44:12','2014-07-30 14:43:57'),
	(2,97,6,0,14.00,0.00,00000001,'2014-07-30 14:44:12','2014-07-30 14:43:58'),
	(1,97,7,0,16.00,0.00,00000001,'2014-07-30 14:44:28','2014-07-30 14:44:12'),
	(2,97,7,0,5.00,0.00,00000001,'2014-07-30 14:44:17','2014-07-30 14:44:12'),
	(2,98,7,0,0.00,0.00,00000001,'2014-07-30 14:49:36','2014-07-30 14:49:36'),
	(2,98,1,0,9.00,0.00,00000001,'2014-07-30 14:49:45','2014-07-30 14:49:36'),
	(1,98,7,0,0.00,0.00,00000001,'2014-07-30 14:49:37','2014-07-30 14:49:37'),
	(1,98,1,0,9.00,0.00,00000001,'2014-07-30 14:49:46','2014-07-30 14:49:37'),
	(2,98,3,0,0.00,0.00,00000000,NULL,'2014-07-30 14:49:45'),
	(1,98,3,0,0.00,0.00,00000000,NULL,'2014-07-30 14:49:46'),
	(1,99,3,0,21.00,0.00,00000000,NULL,'2014-07-30 15:19:15'),
	(1,99,1,0,21.00,0.00,00000001,'2014-07-30 15:19:36','2014-07-30 15:19:15'),
	(2,99,3,0,21.00,0.00,00000000,NULL,'2014-07-30 15:19:15'),
	(2,99,1,0,21.00,0.00,00000001,'2014-07-30 15:19:36','2014-07-30 15:19:15'),
	(2,95,3,0,0.00,0.00,00000001,'2014-07-30 15:42:44','2014-07-30 15:42:44'),
	(2,95,1,0,0.00,0.00,00000000,NULL,'2014-07-30 15:42:44'),
	(1,102,3,0,0.00,0.00,00000001,'2014-07-30 15:44:48','2014-07-30 15:44:48'),
	(1,102,1,0,0.00,0.00,00000000,NULL,'2014-07-30 15:44:48'),
	(2,109,1,0,0.00,0.00,00000001,'2014-07-30 17:52:35','2014-07-30 17:52:35'),
	(2,109,3,0,0.00,0.00,00000000,NULL,'2014-07-30 17:52:35'),
	(1,109,1,0,0.00,0.00,00000001,'2014-07-30 17:52:36','2014-07-30 17:52:36'),
	(1,109,3,0,0.00,0.00,00000000,NULL,'2014-07-30 17:52:36'),
	(1,111,3,0,0.00,0.00,00000001,'2014-07-30 17:55:48','2014-07-30 17:55:48'),
	(1,111,1,0,0.00,0.00,00000000,NULL,'2014-07-30 17:55:48'),
	(2,118,3,0,24.00,0.00,00000000,NULL,'2014-07-30 18:34:22'),
	(2,118,1,0,24.00,0.00,00000001,'2014-07-30 18:34:46','2014-07-30 18:34:22'),
	(1,118,1,0,0.00,0.00,00000001,'2014-07-30 18:34:46','2014-07-30 18:34:46'),
	(1,118,3,0,0.00,0.00,00000000,NULL,'2014-07-30 18:34:46'),
	(2,119,3,0,0.00,0.00,00000001,'2014-07-30 18:35:48','2014-07-30 18:35:48'),
	(2,119,1,0,0.00,0.00,00000000,NULL,'2014-07-30 18:35:48'),
	(1,121,3,0,0.00,0.00,00000001,'2014-07-30 18:44:37','2014-07-30 18:44:37'),
	(1,121,1,0,0.00,0.00,00000000,NULL,'2014-07-30 18:44:37'),
	(1,204,1,0,0.00,0.00,00000000,NULL,'2014-07-31 14:47:32'),
	(3,239,1,0,0.00,0.00,00000000,NULL,'2014-08-01 09:30:11'),
	(3,455,1,0,0.00,0.00,00000000,NULL,'2014-08-04 12:19:40'),
	(2,458,1,0,0.00,0.00,00000000,NULL,'2014-08-04 12:29:44'),
	(1,468,1,0,73.00,0.00,00000001,'2014-08-04 12:39:54','2014-08-04 12:38:41'),
	(1,468,3,0,0.00,0.00,00000000,NULL,'2014-08-04 12:39:54'),
	(2,468,1,0,0.00,0.00,00000001,'2014-08-04 12:39:54','2014-08-04 12:39:54'),
	(2,468,3,0,0.00,0.00,00000000,NULL,'2014-08-04 12:39:54'),
	(2,469,3,0,0.00,0.00,00000001,'2014-08-04 12:40:46','2014-08-04 12:40:46'),
	(2,469,1,0,0.00,0.00,00000000,NULL,'2014-08-04 12:40:46'),
	(1,470,3,0,0.00,0.00,00000001,'2014-08-04 12:41:17','2014-08-04 12:41:17'),
	(1,470,1,0,0.00,0.00,00000000,NULL,'2014-08-04 12:41:17'),
	(1,680,1,0,0.00,0.00,00000000,NULL,'2014-08-05 13:56:06'),
	(1,15,1,0,0.00,0.00,00000000,NULL,'2014-08-06 11:57:43'),
	(2,15,1,0,0.00,0.00,00000000,NULL,'2014-08-06 11:57:43'),
	(3,18,1,0,0.00,0.00,00000000,NULL,'2014-08-06 12:24:15'),
	(2,11,3,0,0.00,0.00,00000000,NULL,'2014-08-06 14:09:21'),
	(3,11,1,0,0.00,0.00,00000001,'2014-08-06 14:09:22','2014-08-06 14:09:22'),
	(3,11,3,0,0.00,0.00,00000000,NULL,'2014-08-06 14:09:22'),
	(2,12,3,0,0.00,0.00,00000001,'2014-08-06 14:10:54','2014-08-06 14:10:54'),
	(3,15,3,0,0.00,0.00,00000001,'2014-08-06 14:19:53','2014-08-06 14:19:53'),
	(3,15,1,0,0.00,0.00,00000000,NULL,'2014-08-06 14:19:53'),
	(3,42,1,0,0.00,0.00,00000000,NULL,'2014-08-08 10:27:55'),
	(2,42,1,0,0.00,0.00,00000000,NULL,'2014-08-08 10:27:55'),
	(1,4,1,0,0.00,0.00,00000000,NULL,'2014-08-08 10:34:10'),
	(3,29,1,0,0.00,0.00,00000000,NULL,'2014-08-08 12:33:22'),
	(7,41,1,0,0.00,0.00,00000000,NULL,'2014-08-25 10:24:28'),
	(6,41,1,0,0.00,0.00,00000000,NULL,'2014-08-25 10:24:30'),
	(5,1,1,0,92010.00,0.00,00000000,NULL,'2014-08-25 10:53:26'),
	(6,68,1,0,0.00,0.00,00000000,NULL,'2014-08-26 11:45:51'),
	(7,68,1,0,0.00,0.00,00000000,NULL,'2014-08-26 11:45:51'),
	(6,5,1,0,0.00,0.00,00000000,NULL,'2014-08-27 15:25:12'),
	(7,5,1,0,0.00,0.00,00000000,NULL,'2014-08-27 15:25:12');

/*!40000 ALTER TABLE `user_tandem_task_question` ENABLE KEYS */;
UNLOCK TABLES;


# Volcado de tabla waiting_room
# ------------------------------------------------------------

DROP TABLE IF EXISTS `waiting_room`;

CREATE TABLE `waiting_room` (
  `id` bigint(20) NOT NULL AUTO_INCREMENT,
  `language` varchar(10) COLLATE utf8_bin NOT NULL,
  `id_course` int(11) NOT NULL,
  `id_exercise` int(11) NOT NULL,
  `number_user_waiting` decimal(6,0) NOT NULL,
  `created` datetime NOT NULL,
  PRIMARY KEY (`id`)
) ENGINE=InnoDB DEFAULT CHARSET=utf8 COLLATE=utf8_bin;

LOCK TABLES `waiting_room` WRITE;
/*!40000 ALTER TABLE `waiting_room` DISABLE KEYS */;

INSERT INTO `waiting_room` (`id`, `language`, `id_course`, `id_exercise`, `number_user_waiting`, `created`)
VALUES
	(1,X'656E5F5553',2,2,1,'0000-00-00 00:00:00');

/*!40000 ALTER TABLE `waiting_room` ENABLE KEYS */;
UNLOCK TABLES;


# Volcado de tabla waiting_room_history
# ------------------------------------------------------------

DROP TABLE IF EXISTS `waiting_room_history`;

CREATE TABLE `waiting_room_history` (
  `id` bigint(20) NOT NULL AUTO_INCREMENT,
  `id_waiting_room` bigint(20) NOT NULL,
  `language` varchar(10) COLLATE utf8_bin NOT NULL,
  `id_course` int(11) NOT NULL,
  `id_exercise` int(11) NOT NULL,
  `number_user_waiting` decimal(6,0) NOT NULL,
  `created` datetime NOT NULL,
  `created_history` datetime NOT NULL,
  PRIMARY KEY (`id`)
) ENGINE=InnoDB DEFAULT CHARSET=utf8 COLLATE=utf8_bin;



# Volcado de tabla waiting_room_user
# ------------------------------------------------------------

DROP TABLE IF EXISTS `waiting_room_user`;

CREATE TABLE `waiting_room_user` (
  `id` bigint(20) NOT NULL AUTO_INCREMENT,
  `id_waiting_room` bigint(20) NOT NULL,
  `id_user` bigint(11) NOT NULL,
  `created` datetime NOT NULL,
  PRIMARY KEY (`id`)
) ENGINE=InnoDB DEFAULT CHARSET=utf8 COLLATE=utf8_bin;



# Volcado de tabla waiting_room_user_history
# ------------------------------------------------------------

DROP TABLE IF EXISTS `waiting_room_user_history`;

CREATE TABLE `waiting_room_user_history` (
  `id` bigint(20) NOT NULL AUTO_INCREMENT,
  `id_waiting_room` bigint(20) NOT NULL,
  `id_user` bigint(11) NOT NULL,
  `status` enum('waiting','assigned','lapsed','give_up') COLLATE utf8_bin NOT NULL,
  `id_tandem` int(11) DEFAULT NULL COMMENT 'only when user has partner and start tandem',
  `created` datetime NOT NULL,
  `created_history` datetime NOT NULL,
  PRIMARY KEY (`id`)
) ENGINE=InnoDB DEFAULT CHARSET=utf8 COLLATE=utf8_bin;




/*!40111 SET SQL_NOTES=@OLD_SQL_NOTES */;
/*!40101 SET SQL_MODE=@OLD_SQL_MODE */;
/*!40014 SET FOREIGN_KEY_CHECKS=@OLD_FOREIGN_KEY_CHECKS */;
/*!40101 SET CHARACTER_SET_CLIENT=@OLD_CHARACTER_SET_CLIENT */;
/*!40101 SET CHARACTER_SET_RESULTS=@OLD_CHARACTER_SET_RESULTS */;
/*!40101 SET COLLATION_CONNECTION=@OLD_COLLATION_CONNECTION */;
